_id,SBA Physical Declaration Number,SBA EIDL Declaration Number,FEMA Disaster Number,SBA Disaster Number,Damaged Property City Name,Damaged Property Zip Code,Damaged Property County/Parish Name,Damaged Property State Code,Total Verified Loss,Verified Loss Real Estate,Verified Loss Content,Total Approved Loan Amount,Approved Amount Real Estate,Approved Amount Content,Approved Amount EIDL
1,11891,11892,,NY-00074,YONKERS,10701,WESTCHESTER,NY,100121,98421,1700,43400,41700,1700,0
2,11891,11892,,NY-00074,YONKERS,10703,WESTCHESTER,NY,37131,37131,0,0,0,0,0
3,11909,11910,,TN-00033,CHATTANOOGA,37404,HAMILTON,TN,22370,8300,14070,22400,8300,14100,0
4,11909,11910,,TN-00033,CHATTANOOGA,37411,HAMILTON,TN,152597,86888,65709,152600,86900,65700,0
5,11909,11910,,TN-00033,CHATTANOOGA,37412,HAMILTON,TN,1561422,1054936,506486,1558600,555000,506500,497100
6,11909,11910,,TN-00033,CHATTANOOGA,37415,HAMILTON,TN,20768,14768,6000,0,0,0,0
7,11909,11910,,TN-00033,EAST RIDGE,37412,HAMILTON,TN,1020453,956015,64438,87300,0,0,87300
8,11924,11925,,PA-00027,BLOOMSBURG,17815,COLUMBIA,PA,1376864,1224491,152373,782500,624000,152300,6200
9,11926,11927,,IN-00031,CLARKSVILLE,47129,CLARK,IN,53727,53727,0,43800,43800,0,0
10,11926,11927,,IN-00031,JEFFERSONVILLE,47130,CLARK,IN,644524,627452,17072,177400,110300,17100,0
11,11926,11927,,IN-00031,NEW ALBANY,47150,FLOYD,IN,76450,76450,0,0,0,0,0
12,11926,11927,,IN-00031,SELLERSBURG,47172,CLARK,IN,32399,32399,0,0,0,0,0
13,11939,11940,,VA-00026,CHESAPEAKE,23320,CHESAPEAKE CITY,VA,29073,14766,14307,0,0,0,0
14,11939,11940,,VA-00026,CHESAPEAKE,23322,CHESAPEAKE CITY,VA,293020,265943,27077,185800,183900,1900,0
15,11939,11940,,VA-00026,CHESAPEAKE,23323,CHESAPEAKE CITY,VA,40781,40781,0,0,0,0,0
16,11939,11940,,VA-00026,CHESAPEAKE,23324,CHESAPEAKE CITY,VA,24328,23578,750,0,0,0,0
17,11939,11940,,VA-00026,HAMPTON,23663,HAMPTON CITY,VA,14800,14800,0,0,0,0,0
18,11939,11940,,VA-00026,HAMPTON,23664,HAMPTON CITY,VA,113518,113518,0,113600,113600,0,0
19,11939,11940,,VA-00026,HAMPTON,23669,HAMPTON CITY,VA,156641,123665,32976,0,0,0,0
20,11939,11940,,VA-00026,NEWPORT NEWS,23602,NEWPORT NEWS CITY,VA,7163,7163,0,0,0,0,0
21,11939,11940,,VA-00026,NEWPORT NEWS,23606,NEWPORT NEWS CITY,VA,10472,10472,0,0,0,0,0
22,11939,11940,,VA-00026,NEWPORT NEWS,23607,NEWPORT NEWS CITY,VA,338445,338445,0,230400,225400,0,5000
23,11939,11940,,VA-00026,NORFOLK,23502,NORFOLK CITY,VA,10623,10623,0,0,0,0,0
24,11939,11940,,VA-00026,NORFOLK,23503,NORFOLK CITY,VA,377252,359689,17563,254000,235100,6800,12100
25,11939,11940,,VA-00026,NORFOLK,23504,NORFOLK CITY,VA,335844,257529,78315,9600,8100,0,1500
26,11939,11940,,VA-00026,NORFOLK,23505,NORFOLK CITY,VA,50026,50026,0,38900,38900,0,0
27,11939,11940,,VA-00026,NORFOLK,23508,NORFOLK CITY,VA,58850,58850,0,12800,12800,0,0
28,11939,11940,,VA-00026,NORFOLK,23509,NORFOLK CITY,VA,3995,3995,0,0,0,0,0
29,11939,11940,,VA-00026,NORFOLK,23513,NORFOLK CITY,VA,12645,12645,0,9100,9100,0,0
30,11939,11940,,VA-00026,NORFOLK,23518,NORFOLK CITY,VA,73810,68510,5300,23300,16100,5300,1900
31,11939,11940,,VA-00026,NORFOLK,23522,NORFOLK CITY,VA,92926,77291,15635,0,0,0,0
32,11939,11940,,VA-00026,NORFOLK,23523,NORFOLK CITY,VA,26333,25333,1000,26400,25400,1000,0
33,11939,11940,,VA-00026,Norfolk,23510,NORFOLK CITY,VA,0,0,0,99000,0,0,99000
34,11939,11940,,VA-00026,POQUOSON,23662,POQUOSON CITY,VA,98995,75172,23823,79800,73400,6400,0
35,11939,11940,,VA-00026,PORTSMOUTH,23702,PORTSMOUTH CITY,VA,16640,15640,1000,0,0,0,0
36,11939,11940,,VA-00026,SEAFORD,23696,YORK,VA,387423,331346,56077,308500,251500,45100,11900
37,11939,11940,,VA-00026,VIRGINIA BEACH,23455,CHESAPEAKE CITY,VA,45930,45930,0,0,0,0,0
38,11939,11940,,VA-00026,VIRGINIA BEACH,23451,VIRGINIA BEACH CITY,VA,2126084,1571228,554856,892800,539200,353600,0
39,11939,11940,,VA-00026,VIRGINIA BEACH,23455,VIRGINIA BEACH CITY,VA,745580,621945,123635,880100,592100,123600,164400
40,11939,11940,,VA-00026,VIRGINIA BEACH,23456,VIRGINIA BEACH CITY,VA,16501,16501,0,14000,14000,0,0
41,11939,11940,,VA-00026,YORKTOWN,23690,YORK,VA,45952,45952,0,46000,46000,0,0
42,11941,11942,,NC-00022,AVON,27915,DARE,NC,70576,52701,17875,68300,50500,17800,0
43,11941,11942,,NC-00022,BUXTON,27920,DARE,NC,567279,517810,49469,645500,462400,47400,135700
44,11941,11942,,NC-00022,Columbia,27925,TYRRELL,NC,0,0,0,18700,0,0,18700
45,11941,11942,,NC-00022,ENGELHARD,27824,HYDE,NC,104521,104521,0,117500,104600,0,12900
46,11941,11942,,NC-00022,GRANDY,27939,CURRITUCK,NC,141498,111498,30000,0,0,0,0
47,11941,11942,,NC-00022,KILL DEVIL HILLS,27948,DARE,NC,16977,16977,0,58300,0,0,58300
48,11941,11942,,NC-00022,kill devil hills,27948,DARE,NC,0,0,0,3900,0,0,3900
49,11941,11942,,NC-00022,KITTY HAWK,27949,DARE,NC,11125,9725,1400,53600,0,0,53600
50,11941,11942,,NC-00022,Manteo,27954,DARE,NC,0,0,0,85600,0,0,85600
51,11941,11942,,NC-00022,NAGS HEAD,27959,DARE,NC,1310009,1052964,257045,1071700,781400,176600,113700
52,11941,11942,,NC-00022,OCRACOKE,27960,HYDE,NC,149240,0,149240,490600,341300,149300,0
53,11941,11942,,NC-00022,RODANTHE,27968,DARE,NC,176059,167209,8850,57300,53100,3100,1100
54,11941,11942,,NC-00022,WANCHESE,27981,DARE,NC,46570,0,46570,46600,0,46600,0
55,11958,11959,,AR-00036,NORTH LITTLE ROCK,72118,PULASKI,AR,37864,647,37217,80500,0,37200,43300
56,11958,11959,,AR-00036,SHERIDAN,72150,GRANT,AR,53737,46237,7500,0,0,0,0
57,11966,11967,,PR-00006,PUERTO NUEVO,920,SAN JUAN,PR,10994,6844,4150,5000,5000,0,0
58,11966,11967,,PR-00006,SAN JUAN,920,SAN JUAN,PR,118587,59986,58601,118600,60000,58600,0
59,11986,11987,,AL-00025,ATMORE,36502,ESCAMBIA,AL,46305,43305,3000,47600,43400,3000,1200
60,11986,11987,,AL-00025,BREWTON,36426,ESCAMBIA,AL,70695,21752,48943,49000,0,49000,0
61,11986,11987,,AL-00025,castleberry,36432,CONECUH,AL,0,0,0,22100,0,0,22100
62,11996,11997,,FL-00049,AVENTURA,33160,MIAMI-DADE,FL,19319,9672,9647,19400,9700,9700,0
63,11996,11997,,FL-00049,AVENTURA,33180,MIAMI-DADE,FL,31284,0,31284,31600,0,28800,2800
64,11996,11997,,FL-00049,CORAL GABLES,33134,MIAMI-DADE,FL,56093,493,55600,0,0,0,0
65,11996,11997,,FL-00049,FT LAUDERDALE,33315,BROWARD,FL,195702,176452,19250,192500,173200,19300,0
66,11996,11997,,FL-00049,HALLANDALE,33009,BROWARD,FL,31877,0,31877,0,0,0,0
67,11996,11997,,FL-00049,HALLANDALE BEACH,33009,BROWARD,FL,800894,672889,128005,545100,448800,96300,0
68,11996,11997,,FL-00049,HOLLYWOOD,33019,BROWARD,FL,9708,6338,3370,9800,6400,3400,0
69,11996,11997,,FL-00049,MIAMI,33122,MIAMI-DADE,FL,25107,0,25107,0,0,0,0
70,11996,11997,,FL-00049,MIAMI,33135,MIAMI-DADE,FL,996897,996897,0,996900,996900,0,0
71,11996,11997,,FL-00049,MIAMI,33139,MIAMI-DADE,FL,6540,6540,0,18800,6600,0,12200
72,11996,11997,,FL-00049,MIAMI,33165,MIAMI-DADE,FL,46950,46950,0,47000,47000,0,0
73,11996,11997,,FL-00049,MIAMI,33174,MIAMI-DADE,FL,16671,16671,0,0,0,0,0
74,11996,11997,,FL-00049,MIAMI,33181,MIAMI-DADE,FL,81329,81329,0,81400,81400,0,0
75,11996,11997,,FL-00049,MIAMI,33186,MIAMI-DADE,FL,42246,2598,39648,72000,0,39700,32300
76,11996,11997,,FL-00049,MIAMI BEACH,33141,MIAMI-DADE,FL,44671,11746,32925,0,0,0,0
77,11996,11997,,FL-00049,MIRAMAR,33023,BROWARD,FL,14015,14015,0,0,0,0,0
78,11996,11997,,FL-00049,NORTH MIAMI BEACH,33162,MIAMI-DADE,FL,29899,7612,22287,19000,0,14000,5000
79,11996,11997,,FL-00049,PEMBROKE PARK,33009,BROWARD,FL,25173,11199,13974,55500,11200,14000,30300
80,11996,11997,,FL-00049,POMPANO BEACH,33064,BROWARD,FL,89197,54618,34579,79200,44700,34500,0
81,11996,11997,,FL-00049,POMPANO BEACH,33069,BROWARD,FL,151498,11329,140169,108800,5900,102900,0
82,12004,12005,,PR-00007,AIBONITO,705,AIBONITO,PR,220756,161231,59525,211000,143900,24600,42500
83,12031,12032,,AR-00040,DES ARC,72040,PRAIRIE,AR,49213,40649,8564,0,0,0,0
84,12031,12032,,AR-00040,HEBER SPRINGS,72543,CLEBURNE,AR,45010,45010,0,45100,45100,0,0
85,12031,12032,,AR-00040,LITTLE ROCK,72202,PULASKI,AR,210078,98256,111822,210100,98300,111800,0
86,12031,12032,,AR-00040,N LITTLE ROCK,72117,PULASKI,AR,54520,54520,0,0,0,0,0
87,12031,12032,,AR-00040,NORTH LITTLE ROCK,72117,PULASKI,AR,12959,12959,0,14300,13000,0,1300
88,12031,12032,,AR-00040,SHERWOOD,72076,PULASKI,AR,54645,0,54645,0,0,0,0
89,12038,12039,,CA-00150,BIG BEAR LAKE,92315,SAN BERNARDINO,CA,113669,111769,1900,141800,110000,0,31800
90,12038,12039,,CA-00150,LA CANADA FLINTRIDGE,91011,LOS ANGELES,CA,841922,841922,0,827300,827300,0,0
91,12038,12039,,CA-00150,LONG BEACH,90802,LOS ANGELES,CA,89688,88688,1000,15800,15800,0,0
92,12038,12039,,CA-00150,LONG BEACH,90804,LOS ANGELES,CA,51546,44536,7010,0,0,0,0
93,12038,12039,,CA-00150,SAN PEDRO,90731,LOS ANGELES,CA,18770,18770,0,18800,18800,0,0
94,12038,12039,,CA-00150,WOODLAND HILLS,91364,LOS ANGELES,CA,96272,96272,0,0,0,0,0
95,12096,12097,1893,WV-00016,BEAVER,25813,RALEIGH,WV,448777,409175,39602,88800,86100,2700,0
96,12096,12097,1893,WV-00016,BECKLEY,25801,RALEIGH,WV,380363,338908,41455,0,0,0,0
97,12096,12097,1893,WV-00016,BLUEFIELD,24701,MERCER,WV,12499,12499,0,0,0,0,0
98,12096,12097,1893,WV-00016,CAMP CREEK,25820,MERCER,WV,26645,18897,7748,0,0,0,0
99,12096,12097,1893,WV-00016,CRAB ORCHARD,25827,RALEIGH,WV,226695,221599,5096,0,0,0,0
100,12096,12097,1893,WV-00016,GAULEY BRIDGE,25085,FAYETTE,WV,27760,27760,0,27800,27800,0,0
101,12096,12097,1893,WV-00016,GLEN MORGAN,25813,RALEIGH,WV,193538,134072,59466,213500,127700,59400,26400
102,12096,12097,1893,WV-00016,KEGLEY,24731,MERCER,WV,9697,9697,0,0,0,0,0
103,12096,12097,1893,WV-00016,PRINCETON,24740,MERCER,WV,5368,4368,1000,0,0,0,0
104,12096,12097,1893,WV-00016,RALEIGH,25911,RALEIGH,WV,34232,33832,400,0,0,0,0
105,12098,12099,1894,RI-00006,ASHAWAY,2804,WASHINGTON,RI,26162,24112,2050,0,0,0,0
106,12098,12099,1894,RI-00006,BARRINGTON,2806,BRISTOL,RI,119784,73110,46674,56300,0,43300,13000
107,12098,12099,1894,RI-00006,BLOCK ISLAND,2807,WASHINGTON,RI,29601,29601,0,29700,29700,0,0
108,12098,12099,1894,RI-00006,BRADFORD,2808,WASHINGTON,RI,330322,131184,199138,19000,14000,5000,0
109,12098,12099,1894,RI-00006,BRISTOL,2809,BRISTOL,RI,422747,363032,59715,14000,14000,0,0
110,12098,12099,1894,RI-00006,Bristol,2809,BRISTOL,RI,6000,0,6000,0,0,0,0
111,12098,12099,1894,RI-00006,CENTRAL FALLS,2863,KENT,RI,19229,354,18875,0,0,0,0
112,12098,12099,1894,RI-00006,CENTRAL FALLS,2863,PROVIDENCE,RI,91531,86283,5248,32200,6200,2900,23100
113,12098,12099,1894,RI-00006,CHARLESTOWN,2813,WASHINGTON,RI,28844,26094,2750,13400,11600,1800,0
114,12098,12099,1894,RI-00006,COVENTRY,2816,KENT,RI,788778,774305,14473,83100,69100,0,14000
115,12098,12099,1894,RI-00006,CRANSTON,2905,PROVIDENCE,RI,446269,229644,216625,328800,120800,205200,2800
116,12098,12099,1894,RI-00006,CRANSTON,2910,PROVIDENCE,RI,3451898,2283036,1168862,1508000,642000,637400,228600
117,12098,12099,1894,RI-00006,CRANSTON,2920,PROVIDENCE,RI,1903857,932106,971751,1748300,458300,789900,500100
118,12098,12099,1894,RI-00006,CRANSTON,2921,PROVIDENCE,RI,52622,45937,6685,47200,46000,1200,0
119,12098,12099,1894,RI-00006,CUMBERLAND,2864,PROVIDENCE,RI,253709,163907,89802,239400,74000,59800,105600
120,12098,12099,1894,RI-00006,E GREENWICH,2818,KENT,RI,102961,94571,8390,0,0,0,0
121,12098,12099,1894,RI-00006,EAST GREENWICH,2818,KENT,RI,22342,22342,0,13200,13200,0,0
122,12098,12099,1894,RI-00006,EAST PROVIDENCE,2914,PROVIDENCE,RI,151457,123601,27856,37000,30000,0,7000
123,12098,12099,1894,RI-00006,EAST PROVIDENCE,2915,PROVIDENCE,RI,4758,4758,0,4800,4800,0,0
124,12098,12099,1894,RI-00006,EXETER,2822,WASHINGTON,RI,85135,74347,10788,18600,0,5600,13000
125,12098,12099,1894,RI-00006,HARRISVILLE,2830,PROVIDENCE,RI,30892,30892,0,0,0,0,0
126,12098,12099,1894,RI-00006,HOPE,2831,KENT,RI,7220,0,7220,0,0,0,0
127,12098,12099,1894,RI-00006,HOPE,2831,PROVIDENCE,RI,50836,50836,0,13900,11500,0,2400
128,12098,12099,1894,RI-00006,HOPE VALLEY,2832,WASHINGTON,RI,636560,418100,218460,489000,230800,169800,88400
129,12098,12099,1894,RI-00006,JOHNSTON,2919,PROVIDENCE,RI,194044,171294,22750,38900,32400,1500,5000
130,12098,12099,1894,RI-00006,LINCOLN,2865,PROVIDENCE,RI,168221,168221,0,0,0,0,0
131,12098,12099,1894,RI-00006,LITTLE COMPTON,2837,NEWPORT,RI,16013,16013,0,14000,14000,0,0
132,12098,12099,1894,RI-00006,MANVILLE,2838,PROVIDENCE,RI,67977,60925,7052,81600,61000,7000,0
133,12098,12099,1894,RI-00006,MIDDLETOWN,2842,NEWPORT,RI,33750,33750,0,26100,21700,0,0
134,12098,12099,1894,RI-00006,N KINGSTOWN,2852,WASHINGTON,RI,12904,12904,0,0,0,0,0
135,12098,12099,1894,RI-00006,NARRAGANSETT,2882,WASHINGTON,RI,60424,53174,7250,48300,41800,4900,1600
136,12098,12099,1894,RI-00006,Narragansett,2882,WASHINGTON,RI,0,0,0,24400,0,0,24400
137,12098,12099,1894,RI-00006,NEW SHOREHAM,2807,WASHINGTON,RI,6697,6697,0,0,0,0,0
138,12098,12099,1894,RI-00006,NEWPORT,2840,NEWPORT,RI,379384,379384,0,361600,361600,0,0
139,12098,12099,1894,RI-00006,NORTH KINGSTOWN,2852,WASHINGTON,RI,261228,198928,62300,113400,113400,0,0
140,12098,12099,1894,RI-00006,NORTH PROVIDENCE,2904,PROVIDENCE,RI,37918,37918,0,38000,38000,0,0
141,12098,12099,1894,RI-00006,NORTH PROVIDENCE,2911,PROVIDENCE,RI,141607,130807,10800,8300,1300,7000,0
142,12098,12099,1894,RI-00006,NORTH SCITUATE,2857,PROVIDENCE,RI,8000,0,8000,0,0,0,0
143,12098,12099,1894,RI-00006,NORTH SMITHFIELD,2896,PROVIDENCE,RI,16464,16464,0,0,0,0,0
144,12098,12099,1894,RI-00006,PAWTUCKET,2814,PROVIDENCE,RI,7287,7287,0,7300,7300,0,0
145,12098,12099,1894,RI-00006,PAWTUCKET,2860,PROVIDENCE,RI,214646,176247,38399,14000,14000,0,0
146,12098,12099,1894,RI-00006,PEACE DALE,2879,WASHINGTON,RI,80176,72516,7660,16100,14900,1200,0
147,12098,12099,1894,RI-00006,PORTSMOUTH,2871,NEWPORT,RI,220091,210631,9460,5800,5800,0,0
148,12098,12099,1894,RI-00006,PROVIDENCE,2094,PROVIDENCE,RI,31152,31152,0,0,0,0,0
149,12098,12099,1894,RI-00006,PROVIDENCE,2904,PROVIDENCE,RI,189128,62918,126210,178800,23800,122500,32500
150,12098,12099,1894,RI-00006,PROVIDENCE,2905,PROVIDENCE,RI,51188,46988,4200,33500,29300,4200,0
151,12098,12099,1894,RI-00006,PROVIDENCE,2907,PROVIDENCE,RI,70864,55389,15475,61000,44100,15400,1500
152,12098,12099,1894,RI-00006,PROVIDENCE,2908,PROVIDENCE,RI,45642,37342,8300,16500,9200,6300,1000
153,12098,12099,1894,RI-00006,PROVIDENCE,2909,PROVIDENCE,RI,1897405,1816307,81098,702900,623000,50600,29300
154,12098,12099,1894,RI-00006,PROVIDENCE,2910,PROVIDENCE,RI,7540,0,7540,0,0,0,0
155,12098,12099,1894,RI-00006,PROVIDENCE,2940,PROVIDENCE,RI,1568,1568,0,0,0,0,0
156,12098,12099,1894,RI-00006,Providence,2909,PROVIDENCE,RI,0,0,0,19500,0,0,19500
157,12098,12099,1894,RI-00006,RUMFORD,2916,PROVIDENCE,RI,146669,9010,137659,14000,9100,4900,0
158,12098,12099,1894,RI-00006,SHANNOCK,2875,WASHINGTON,RI,4000,4000,0,4000,4000,0,0
159,12098,12099,1894,RI-00006,SMITHFIELD,2917,PROVIDENCE,RI,74376,30097,44279,73700,16100,44200,13400
160,12098,12099,1894,RI-00006,SOUTH KINGSTOWN,2879,WASHINGTON,RI,111879,87429,24450,46400,42000,4400,0
161,12098,12099,1894,RI-00006,TIVERTON,2878,NEWPORT,RI,29963,28665,1298,0,0,0,0
162,12098,12099,1894,RI-00006,WAKEFIELD,2879,WASHINGTON,RI,122178,90167,32011,150700,54900,19900,75900
163,12098,12099,1894,RI-00006,WARREN,2885,BRISTOL,RI,26490,25490,1000,24300,21500,1000,1800
164,12098,12099,1894,RI-00006,WARWICK,2886,KENT,RI,8486080,7111111,1374969,1168400,639900,259200,269300
165,12098,12099,1894,RI-00006,WARWICK,2888,KENT,RI,2514637,951620,1563017,1267300,192300,661400,413600
166,12098,12099,1894,RI-00006,WARWICK,2889,KENT,RI,142140,121217,20923,85100,49800,8400,26900
167,12098,12099,1894,RI-00006,Warwick,2886,KENT,RI,0,0,0,5000,0,0,5000
168,12098,12099,1894,RI-00006,warwick,2886,KENT,RI,5900,5900,0,10900,5900,0,5000
169,12098,12099,1894,RI-00006,WARWICK,2886,PROVIDENCE,RI,86066,19180,66886,114700,19200,66900,28600
170,12098,12099,1894,RI-00006,WARWICK,2888,PROVIDENCE,RI,4309,0,4309,4400,0,4400,0
171,12098,12099,1894,RI-00006,WEST GREENWICH,2817,KENT,RI,10207,207,10000,13800,300,10000,3500
172,12098,12099,1894,RI-00006,WEST KINGSTON,2892,WASHINGTON,RI,4956,4956,0,1400,1400,0,0
173,12098,12099,1894,RI-00006,WEST WARICK,2893,KENT,RI,13050,13050,0,0,0,0,0
174,12098,12099,1894,RI-00006,WEST WARWICK,2893,KENT,RI,5417161,3568124,1849037,2565600,1439700,697500,428400
175,12098,12099,1894,RI-00006,WESTERLY,2808,WASHINGTON,RI,10355,10355,0,10400,10400,0,0
176,12098,12099,1894,RI-00006,WESTERLY,2891,WASHINGTON,RI,2353693,1430225,923468,1810600,478400,814100,518100
177,12098,12099,1894,RI-00006,WOONSOCKET,2895,PROVIDENCE,RI,89713,89713,0,0,0,0,0
178,12100,12101,1895,MA-00025,ACUSHNET,2743,BRISTOL,MA,5087,2637,2450,0,0,0,0
179,12100,12101,1895,MA-00025,ALLSTON,2134,SUFFOLK,MA,16100,0,16100,16100,0,16100,0
180,12100,12101,1895,MA-00025,AMESBURY,1913,ESSEX,MA,58249,58249,0,0,0,0,0
181,12100,12101,1895,MA-00025,ANDOVER,1810,ESSEX,MA,161203,155203,6000,157500,151500,6000,0
182,12100,12101,1895,MA-00025,ARLINGTON,2474,MIDDLESEX,MA,172451,170551,1900,48500,43100,1900,3500
183,12100,12101,1895,MA-00025,ARLINGTON,2476,MIDDLESEX,MA,101008,87935,13073,129900,49200,10400,70300
184,12100,12101,1895,MA-00025,ASSONET,2702,BRISTOL,MA,75355,59681,15674,28500,28500,0,0
185,12100,12101,1895,MA-00025,ATTLEBORO,2703,BRISTOL,MA,897774,383555,514219,639100,193600,369500,76000
186,12100,12101,1895,MA-00025,ATTLEBORO,2703,NORFOLK,MA,13144,11544,1600,13200,11600,1600,0
187,12100,12101,1895,MA-00025,BEDFORD,1730,MIDDLESEX,MA,245931,213439,32492,113500,113500,0,0
188,12100,12101,1895,MA-00025,BELMONT,2478,MIDDLESEX,MA,225314,153494,71820,0,0,0,0
189,12100,12101,1895,MA-00025,BEVERLY,1915,ESSEX,MA,45536,45536,0,45600,45600,0,0
190,12100,12101,1895,MA-00025,BILLERICA,1821,MIDDLESEX,MA,48700,0,48700,0,0,0,0
191,12100,12101,1895,MA-00025,BILLERICA,1862,MIDDLESEX,MA,94315,55651,38664,0,0,0,0
192,12100,12101,1895,MA-00025,BLACKSTONE,1504,WORCESTER,MA,11749,10549,1200,11800,10600,1200,0
193,12100,12101,1895,MA-00025,BOLTON,1740,WORCESTER,MA,5305,0,5305,5400,0,5400,0
194,12100,12101,1895,MA-00025,BOSTON,2116,SUFFOLK,MA,136193,136193,0,136200,136200,0,0
195,12100,12101,1895,MA-00025,BOSTON,2127,SUFFOLK,MA,93175,47950,45225,0,0,0,0
196,12100,12101,1895,MA-00025,BOSTON,2128,SUFFOLK,MA,4956,4956,0,5000,5000,0,0
197,12100,12101,1895,MA-00025,BRADFORD,1835,ESSEX,MA,3773,0,3773,0,0,0,0
198,12100,12101,1895,MA-00025,BRAINTREE,2184,NORFOLK,MA,51775,36990,14785,6100,1500,4600,0
199,12100,12101,1895,MA-00025,BRIGHTON,2135,SUFFOLK,MA,53966,53966,0,54000,54000,0,0
200,12100,12101,1895,MA-00025,BROCKTON,2302,BRISTOL,MA,406883,398273,8610,0,0,0,0
201,12100,12101,1895,MA-00025,BROCKTON,2301,PLYMOUTH,MA,63492,59242,4250,50300,50300,0,0
202,12100,12101,1895,MA-00025,BROCKTON,2302,PLYMOUTH,MA,29063,29063,0,30400,29100,0,1300
203,12100,12101,1895,MA-00025,BURLINGTON,1803,MIDDLESEX,MA,25727,16527,9200,14000,11300,2700,0
204,12100,12101,1895,MA-00025,CAMBRIDGE,2139,MIDDLESEX,MA,32427,31082,1345,32500,31100,1400,0
205,12100,12101,1895,MA-00025,CANTON,2021,NORFOLK,MA,367381,356381,11000,4900,0,0,4900
206,12100,12101,1895,MA-00025,CARVER,2330,PLYMOUTH,MA,22400,22400,0,22400,22400,0,0
207,12100,12101,1895,MA-00025,CHARLESTOWN,2129,SUFFOLK,MA,598719,597519,1200,0,0,0,0
208,12100,12101,1895,MA-00025,Chepachet,2814,PROVIDENCE,RI,0,0,0,22900,0,0,22900
209,12100,12101,1895,MA-00025,CLINTON,1510,WORCESTER,MA,259477,258977,500,232100,216000,0,16100
210,12100,12101,1895,MA-00025,CONCORD,1742,MIDDLESEX,MA,8919,8919,0,10500,9000,0,1500
211,12100,12101,1895,MA-00025,DANVERS,1923,ESSEX,MA,154972,147372,7600,43400,41600,1800,0
212,12100,12101,1895,MA-00025,DORCHESTER,2121,NORFOLK,MA,47049,47049,0,0,0,0,0
213,12100,12101,1895,MA-00025,DORCHESTER,2121,SUFFOLK,MA,9331,7756,1575,0,0,0,0
214,12100,12101,1895,MA-00025,DORCHESTER,2122,SUFFOLK,MA,191086,191086,0,190300,190300,0,0
215,12100,12101,1895,MA-00025,DORCHESTER,2124,SUFFOLK,MA,11059,9369,1690,0,0,0,0
216,12100,12101,1895,MA-00025,DORCHESTER,2125,SUFFOLK,MA,94033,78043,15990,86000,29100,15000,41900
217,12100,12101,1895,MA-00025,DORCHESTER CENTER,2124,SUFFOLK,MA,76131,76131,0,47000,44700,0,2300
218,12100,12101,1895,MA-00025,DRACUT,1826,MIDDLESEX,MA,163941,163941,0,109400,109400,0,0
219,12100,12101,1895,MA-00025,DUXBURY,2332,PLYMOUTH,MA,41969,18619,23350,27000,18700,8300,0
220,12100,12101,1895,MA-00025,EAST BOSTON,2128,SUFFOLK,MA,25481,25481,0,0,0,0,0
221,12100,12101,1895,MA-00025,EAST FREETOWN,2717,BRISTOL,MA,28794,28794,0,13500,13500,0,0
222,12100,12101,1895,MA-00025,EAST WALPOLE,2032,NORFOLK,MA,10842,8342,2500,0,0,0,0
223,12100,12101,1895,MA-00025,EAST WEYMOUTH,2189,NORFOLK,MA,15877,14777,1100,14000,14000,0,0
224,12100,12101,1895,MA-00025,EVERETT,2149,MIDDLESEX,MA,43669,39269,4400,43700,39300,4400,0
225,12100,12101,1895,MA-00025,FALL RIVER,2720,BRISTOL,MA,11876,6776,5100,0,0,0,0
226,12100,12101,1895,MA-00025,FALL RIVER,2721,BRISTOL,MA,31761,29161,2600,12000,12000,0,0
227,12100,12101,1895,MA-00025,FALL RIVER,2723,BRISTOL,MA,168488,168488,0,0,0,0,0
228,12100,12101,1895,MA-00025,Fall River,2720,BRISTOL,MA,20803,20803,0,0,0,0,0
229,12100,12101,1895,MA-00025,FRAMINGHAM,1701,MIDDLESEX,MA,4080,4080,0,0,0,0,0
230,12100,12101,1895,MA-00025,FRAMINGHAM,1702,MIDDLESEX,MA,20882,20882,0,0,0,0,0
231,12100,12101,1895,MA-00025,FRANKLIN,2038,NORFOLK,MA,15813,13663,2150,16900,13700,2200,1000
232,12100,12101,1895,MA-00025,GEORGETOWN,1833,ESSEX,MA,18272,17272,1000,14000,14000,0,0
233,12100,12101,1895,MA-00025,GLOUCESTER,1930,ESSEX,MA,1007575,937505,70070,669200,599200,70000,0
234,12100,12101,1895,MA-00025,GRAFTON,1519,WORCESTER,MA,118426,48229,70197,93500,48300,45200,0
235,12100,12101,1895,MA-00025,HARVARD,1451,WORCESTER,MA,138100,0,138100,0,0,0,0
236,12100,12101,1895,MA-00025,HINGHAM,2043,PLYMOUTH,MA,24106,22306,1800,0,0,0,0
237,12100,12101,1895,MA-00025,HOLLISTON,1746,MIDDLESEX,MA,200,0,200,0,0,0,0
238,12100,12101,1895,MA-00025,HULL,2045,PLYMOUTH,MA,89475,86975,2500,65600,65600,0,0
239,12100,12101,1895,MA-00025,HYDE PARK,2067,SUFFOLK,MA,30868,30868,0,60800,30900,0,29900
240,12100,12101,1895,MA-00025,HYDE PARK,2136,SUFFOLK,MA,73564,44364,29200,0,0,0,0
241,12100,12101,1895,MA-00025,IPSWICH,1938,ESSEX,MA,8422,6622,1800,0,0,0,0
242,12100,12101,1895,MA-00025,LAKEVILLE,2347,PLYMOUTH,MA,230369,230369,0,13600,12600,0,1000
243,12100,12101,1895,MA-00025,LAWRENCE,1841,ESSEX,MA,39853,38903,950,0,0,0,0
244,12100,12101,1895,MA-00025,LAWRENCE,1843,MIDDLESEX,MA,33389,7914,25475,0,0,0,0
245,12100,12101,1895,MA-00025,LAWRENCE,1867,MIDDLESEX,MA,4900,0,4900,0,0,0,0
246,12100,12101,1895,MA-00025,LITTLETON,1460,MIDDLESEX,MA,5248,5248,0,0,0,0,0
247,12100,12101,1895,MA-00025,LOWELL,1852,MIDDLESEX,MA,299813,299813,0,299900,299900,0,0
248,12100,12101,1895,MA-00025,LYNN,1902,ESSEX,MA,7116,6016,1100,7100,6000,1100,0
249,12100,12101,1895,MA-00025,LYNN,1904,ESSEX,MA,8951,8951,0,9000,9000,0,0
250,12100,12101,1895,MA-00025,LYNN,1905,NORFOLK,MA,45023,45023,0,0,0,0,0
251,12100,12101,1895,MA-00025,MANSFIELD,2048,BRISTOL,MA,2000,0,2000,0,0,0,0
252,12100,12101,1895,MA-00025,MARLBROUGH,1752,MIDDLESEX,MA,5932,5932,0,6000,6000,0,0
253,12100,12101,1895,MA-00025,MARSHFIELD,2050,PLYMOUTH,MA,20545,20545,0,0,0,0,0
254,12100,12101,1895,MA-00025,MEDFORD,2155,MIDDLESEX,MA,98715,98570,145,80400,75200,200,5000
255,12100,12101,1895,MA-00025,METHUEN,1844,ESSEX,MA,82500,0,82500,0,0,0,0
256,12100,12101,1895,MA-00025,MIDDLEBORO,2346,PLYMOUTH,MA,93215,90115,3100,30700,29800,900,0
257,12100,12101,1895,MA-00025,MIDDLETON,1949,ESSEX,MA,11700,11700,0,11700,11700,0,0
258,12100,12101,1895,MA-00025,MILLVILLE,1529,WORCESTER,MA,58104,54204,3900,0,0,0,0
259,12100,12101,1895,MA-00025,MILTON,2186,NORFOLK,MA,15235,0,15235,20300,0,15300,5000
260,12100,12101,1895,MA-00025,NATICK,1760,MIDDLESEX,MA,23706,22936,770,0,0,0,0
261,12100,12101,1895,MA-00025,NEW BEDFORD,2744,BRISTOL,MA,24756,24756,0,0,0,0,0
262,12100,12101,1895,MA-00025,NEWBURYPORT,1950,ESSEX,MA,42218,42218,0,21600,21600,0,0
263,12100,12101,1895,MA-00025,NEWTON,2458,MIDDLESEX,MA,42142,40542,1600,44400,40600,1600,2200
264,12100,12101,1895,MA-00025,NEWTON,2459,MIDDLESEX,MA,25150,25150,0,0,0,0,0
265,12100,12101,1895,MA-00025,NEWTON CENTER,2459,MIDDLESEX,MA,365508,0,365508,0,0,0,0
266,12100,12101,1895,MA-00025,NORFOLK,2056,NORFOLK,MA,5572,4472,1100,5600,4500,1100,0
267,12100,12101,1895,MA-00025,NORTH ANDOVER,1845,ESSEX,MA,54142,27637,26505,54300,27700,26600,0
268,12100,12101,1895,MA-00025,NORTH ATTLEBORO,2760,BRISTOL,MA,22173,21328,845,7800,7800,0,0
269,12100,12101,1895,MA-00025,NORTH EASTON,2356,BRISTOL,MA,33757,33757,0,28600,23100,0,5500
270,12100,12101,1895,MA-00025,NORTH READING,1864,MIDDLESEX,MA,53237,53237,0,50000,46300,0,3700
271,12100,12101,1895,MA-00025,NORTHBOROUGH,1532,WORCESTER,MA,6016,0,6016,0,0,0,0
272,12100,12101,1895,MA-00025,NORTHBRIDGE,1534,WORCESTER,MA,14364,14364,0,0,0,0,0
273,12100,12101,1895,MA-00025,NORTON,2766,BRISTOL,MA,23844,15405,8439,14000,14000,0,0
274,12100,12101,1895,MA-00025,NORTON,2766,SUFFOLK,MA,8539,8539,0,8600,8600,0,0
275,12100,12101,1895,MA-00025,NORWOOD,2062,NORFOLK,MA,2342081,285028,2057053,103400,86500,16900,0
276,12100,12101,1895,MA-00025,PEABODY,1960,ESSEX,MA,250469,207345,43124,172500,172500,0,0
277,12100,12101,1895,MA-00025,PLYMOUTH,2360,PLYMOUTH,MA,109931,109931,0,110000,110000,0,0
278,12100,12101,1895,MA-00025,PLYMOUTH,2362,PLYMOUTH,MA,674,674,0,0,0,0,0
279,12100,12101,1895,MA-00025,Providence,2904,PROVIDENCE,RI,0,0,0,101900,0,0,101900
280,12100,12101,1895,MA-00025,QUINCY,2169,NORFOLK,MA,49666,43626,6040,0,0,0,0
281,12100,12101,1895,MA-00025,QUINCY,2170,NORFOLK,MA,14361,10191,4170,0,0,0,0
282,12100,12101,1895,MA-00025,RANDOLPH,2368,NORFOLK,MA,51458,42287,9171,38900,35400,3500,0
283,12100,12101,1895,MA-00025,READING,1867,MIDDLESEX,MA,7351,0,7351,0,0,0,0
284,12100,12101,1895,MA-00025,REVERE,2151,SUFFOLK,MA,359622,355772,3850,199800,197800,0,2000
285,12100,12101,1895,MA-00025,ROCKLAND,2370,PLYMOUTH,MA,40939,40939,0,0,0,0,0
286,12100,12101,1895,MA-00025,ROSLINDALE,2131,SUFFOLK,MA,63375,45540,17835,52600,37000,14500,1100
287,12100,12101,1895,MA-00025,ROXBURY,2119,NORFOLK,MA,64919,64919,0,0,0,0,0
288,12100,12101,1895,MA-00025,ROXBURY,2119,SUFFOLK,MA,122263,122013,250,0,0,0,0
289,12100,12101,1895,MA-00025,ROXBURY CROSSING,2120,SUFFOLK,MA,19113,19113,0,0,0,0,0
290,12100,12101,1895,MA-00025,SALEM,1970,ESSEX,MA,284947,262877,22070,191800,168300,22000,1500
291,12100,12101,1895,MA-00025,Salem,1970,ESSEX,MA,112295,112295,0,112300,112300,0,0
292,12100,12101,1895,MA-00025,SALISBURY,1952,ESSEX,MA,112814,108564,4250,27200,26700,500,0
293,12100,12101,1895,MA-00025,SAUGUS,1906,ESSEX,MA,4800,0,4800,0,0,0,0
294,12100,12101,1895,MA-00025,SCITUATE,2066,PLYMOUTH,MA,5841,5841,0,0,0,0,0
295,12100,12101,1895,MA-00025,SEEKONK,2771,BRISTOL,MA,37731,16241,21490,37800,16300,21500,0
296,12100,12101,1895,MA-00025,SOMERSET,2726,BRISTOL,MA,40647,40397,250,38000,34700,0,3300
297,12100,12101,1895,MA-00025,SOMERVILLE,2143,MIDDLESEX,MA,86468,84268,2200,86500,84300,2200,0
298,12100,12101,1895,MA-00025,SOUTH BOSTON,2127,SUFFOLK,MA,39677,39677,0,39700,39700,0,0
299,12100,12101,1895,MA-00025,SOUTH WEYMOUTH,2190,NORFOLK,MA,2598,0,2598,0,0,0,0
300,12100,12101,1895,MA-00025,STONEHAM,2180,MIDDLESEX,MA,72407,72407,0,0,0,0,0
301,12100,12101,1895,MA-00025,STOUGHTON,2072,NORFOLK,MA,22229,11829,10400,45900,10500,10400,25000
302,12100,12101,1895,MA-00025,SUDBURY,1776,MIDDLESEX,MA,545887,292617,253270,850200,292700,253200,304300
303,12100,12101,1895,MA-00025,SWANSEA,2777,BRISTOL,MA,42494,38344,4150,0,0,0,0
304,12100,12101,1895,MA-00025,TAUNTON,2780,BRISTOL,MA,171440,118377,53063,109300,50100,35300,23900
305,12100,12101,1895,MA-00025,TEWKSBURY,1876,MIDDLESEX,MA,52738,51188,1550,0,0,0,0
306,12100,12101,1895,MA-00025,TOPSFIELD,1983,ESSEX,MA,22513,22513,0,22600,22600,0,0
307,12100,12101,1895,MA-00025,WAKEFIELD,1880,MIDDLESEX,MA,107524,85530,21994,120800,73700,22000,25100
308,12100,12101,1895,MA-00025,WALPOLE,2081,NORFOLK,MA,526386,472372,54014,586400,471500,34000,80900
309,12100,12101,1895,MA-00025,WALTHAM,2451,MIDDLESEX,MA,10636,10636,0,0,0,0,0
310,12100,12101,1895,MA-00025,WALTHAM,2453,MIDDLESEX,MA,231195,134349,96846,45300,45300,0,0
311,12100,12101,1895,MA-00025,WALTHAM,2343,NORFOLK,MA,7233,7233,0,0,0,0,0
312,12100,12101,1895,MA-00025,WATERTOWN,2472,MIDDLESEX,MA,34765,34765,0,34800,34800,0,0
313,12100,12101,1895,MA-00025,WEBSTER,1570,WORCESTER,MA,30859,30859,0,0,0,0,0
314,12100,12101,1895,MA-00025,WEST BRIDGEWATER,2379,PLYMOUTH,MA,24396,22996,1400,18200,15800,1400,1000
315,12100,12101,1895,MA-00025,WESTON,2493,MIDDLESEX,MA,50139,50139,0,25900,25900,0,0
316,12100,12101,1895,MA-00025,WESTPORT,2790,BRISTOL,MA,132434,34948,97486,132500,35000,97500,0
317,12100,12101,1895,MA-00025,WEYMOUTH,2190,NORFOLK,MA,22975,22975,0,0,0,0,0
318,12100,12101,1895,MA-00025,WHITMAN,2382,PLYMOUTH,MA,30720,24945,5775,0,0,0,0
319,12100,12101,1895,MA-00025,WILMINGTOM,1887,MIDDLESEX,MA,29374,29374,0,0,0,0,0
320,12100,12101,1895,MA-00025,WINCHESTER,1890,MIDDLESEX,MA,83089,81049,2040,0,0,0,0
321,12100,12101,1895,MA-00025,WOBURN,1801,MIDDLESEX,MA,121704,93146,28558,114300,0,28600,85700
322,12100,12101,1895,MA-00025,WORCESTER,1602,WORCESTER,MA,3497,702,2795,0,0,0,0
323,12100,12101,1895,MA-00025,WORCESTER,1604,WORCESTER,MA,35928,35928,0,0,0,0,0
324,12107,12108,1897,NJ-00014,BASS RIVER TOWNSHIP,8224,BURLINGTON,NJ,4270,4270,0,0,0,0,0
325,12107,12108,1897,NJ-00014,BERGENFIELD,7621,BERGEN,NJ,198792,10296,188496,0,0,0,0
326,12107,12108,1897,NJ-00014,BOGOTA,7603,BERGEN,NJ,9283,9283,0,9300,9300,0,0
327,12107,12108,1897,NJ-00014,BOUND BROOK,8805,SOMERSET,NJ,303131,80153,222978,221900,1200,155600,65100
328,12107,12108,1897,NJ-00014,CAPE MAY COURT HOUSE,8210,CAPE MAY,NJ,20475,0,20475,11800,0,0,11800
329,12107,12108,1897,NJ-00014,CAPE MAY COURTHOUSE,8210,CAPE MAY,NJ,34099,34099,0,0,0,0,0
330,12107,12108,1897,NJ-00014,CLEMENTON,8021,CAMDEN,NJ,5591,5141,450,0,0,0,0
331,12107,12108,1897,NJ-00014,EAST BRUNSWICK,8816,MIDDLESEX,NJ,63821,63321,500,0,0,0,0
332,12107,12108,1897,NJ-00014,EAST HANOVER,7936,MORRIS,NJ,43140,39890,3250,0,0,0,0
333,12107,12108,1897,NJ-00014,EDGEWATER,7020,BERGEN,NJ,185758,185758,0,0,0,0,0
334,12107,12108,1897,NJ-00014,EDISON,8817,MIDDLESEX,NJ,491416,491416,0,0,0,0,0
335,12107,12108,1897,NJ-00014,EGG HARBOR CITY,8215,ATLANTIC,NJ,27798,16038,11760,27500,15000,10100,2400
336,12107,12108,1897,NJ-00014,ENGLEWOOD CLIFFS,7632,BERGEN,NJ,207942,153751,54191,0,0,0,0
337,12107,12108,1897,NJ-00014,FAIRFIELD,7004,ESSEX,NJ,19049,0,19049,19100,0,19100,0
338,12107,12108,1897,NJ-00014,GALLOWAY,8205,ATLANTIC,NJ,21597,16846,4751,0,0,0,0
339,12107,12108,1897,NJ-00014,HIGHLANDS,7732,MONMOUTH,NJ,143217,143217,0,2500,2500,0,0
340,12107,12108,1897,NJ-00014,HOPEWELL,8525,MERCER,NJ,74740,72140,2600,0,0,0,0
341,12107,12108,1897,NJ-00014,HOWELL,7731,MONMOUTH,NJ,13439,0,13439,0,0,0,0
342,12107,12108,1897,NJ-00014,KEYPORT,7735,MONMOUTH,NJ,499616,343291,156325,9800,8800,0,1000
343,12107,12108,1897,NJ-00014,LAKEWOOD,8701,OCEAN,NJ,18532,18532,0,0,0,0,0
344,12107,12108,1897,NJ-00014,LANDISVILLE,8326,ATLANTIC,NJ,19442,19442,0,0,0,0,0
345,12107,12108,1897,NJ-00014,LINCOLN PARK,7035,MORRIS,NJ,13541,366,13175,0,0,0,0
346,12107,12108,1897,NJ-00014,LINDEN,7036,UNION,NJ,5300,5300,0,0,0,0,0
347,12107,12108,1897,NJ-00014,LITTLE FALLS,7424,PASSAIC,NJ,22319,366,21953,44200,400,22000,21800
348,12107,12108,1897,NJ-00014,LITTLEFALLS,7424,PASSAIC,NJ,153,153,0,0,0,0,0
349,12107,12108,1897,NJ-00014,MARTINSVILLE,8836,SOMERSET,NJ,1895,0,1895,1900,0,1900,0
350,12107,12108,1897,NJ-00014,MIDDLESEX,8846,MIDDLESEX,NJ,71947,67722,4225,0,0,0,0
351,12107,12108,1897,NJ-00014,MIDDLETOWN,7748,MONMOUTH,NJ,44415,42665,1750,21900,21900,0,0
352,12107,12108,1897,NJ-00014,MILLINGTON,7946,MORRIS,NJ,6897,0,6897,0,0,0,0
353,12107,12108,1897,NJ-00014,MILLVILLE,8332,CUMBERLAND,NJ,53094,52094,1000,0,0,0,0
354,12107,12108,1897,NJ-00014,NEWARK,7108,ESSEX,NJ,22937,22937,0,23000,23000,0,0
355,12107,12108,1897,NJ-00014,NEWARK,7112,ESSEX,NJ,13655,13655,0,13700,13700,0,0
356,12107,12108,1897,NJ-00014,PATERSON,7505,PASSAIC,NJ,55933,16433,39500,0,0,0,0
357,12107,12108,1897,NJ-00014,PATERSON,7522,PASSAIC,NJ,96216,82701,13515,27200,22400,4300,500
358,12107,12108,1897,NJ-00014,PEQUANNOCK,7440,MORRIS,NJ,50938,46938,4000,0,0,0,0
359,12107,12108,1897,NJ-00014,POMPTON LAKES,7442,PASSAIC,NJ,52013,8510,43503,0,0,0,0
360,12107,12108,1897,NJ-00014,POMPTON PLAINS,7444,MORRIS,NJ,139744,59484,80260,45200,45200,0,0
361,12107,12108,1897,NJ-00014,PORT NORRIS,8349,CUMBERLAND,NJ,25000,25000,0,0,0,0,0
362,12107,12108,1897,NJ-00014,RED BANK,7701,MONMOUTH,NJ,1074032,1074032,0,0,0,0,0
363,12107,12108,1897,NJ-00014,RIVERSIDE,8075,BURLINGTON,NJ,60992,24693,36299,0,0,0,0
364,12107,12108,1897,NJ-00014,SEA BRIGHT,7760,MONMOUTH,NJ,193772,173802,19970,77000,48500,20000,8500
365,12107,12108,1897,NJ-00014,SEWELL,8080,GLOUCESTER,NJ,68982,64170,4812,69000,64200,4800,0
366,12107,12108,1897,NJ-00014,SOUTH RIVER,8882,MIDDLESEX,NJ,210705,86140,124565,24000,12300,11700,0
367,12107,12108,1897,NJ-00014,STIRLING,7980,MORRIS,NJ,57807,57807,0,0,0,0,0
368,12107,12108,1897,NJ-00014,TEANECK,7666,BERGEN,NJ,23331,19259,4072,0,0,0,0
369,12107,12108,1897,NJ-00014,TINTON FALLS,7724,MONMOUTH,NJ,1957,0,1957,0,0,0,0
370,12107,12108,1897,NJ-00014,TOTOWA,7512,PASSAIC,NJ,9453,9453,0,4700,4700,0,0
371,12107,12108,1897,NJ-00014,UNION,7083,UNION,NJ,914,214,700,2300,200,700,1400
372,12107,12108,1897,NJ-00014,UNION BEACH,7735,MONMOUTH,NJ,290775,202606,88169,0,0,0,0
373,12107,12108,1897,NJ-00014,VINELAND,8360,ATLANTIC,NJ,4450,0,4450,0,0,0,0
374,12107,12108,1897,NJ-00014,VINELAND,8360,CUMBERLAND,NJ,9156,0,9156,0,0,0,0
375,12107,12108,1897,NJ-00014,WAYNE,7470,PASSAIC,NJ,529653,416133,113520,109200,17300,86300,5600
376,12107,12108,1897,NJ-00014,WEST DEPTFORD,8086,GLOUCESTER,NJ,32923,32923,0,0,0,0,0
377,12107,12108,1897,NJ-00014,WHARTON,7885,MORRIS,NJ,37393,37393,0,37400,37400,0,0
378,12107,12108,1897,NJ-00014,WILDWOOD,8260,CAPE MAY,NJ,264138,252138,12000,124400,90500,12000,21900
379,12107,12108,1897,NJ-00014,WILLIAMSTOWN,8094,GLOUCESTER,NJ,55583,55583,0,0,0,0,0
380,12107,12108,1897,NJ-00014,WOODBINE,8270,CAPE MAY,NJ,124284,76899,47385,82900,35500,47400,0
381,12107,12108,1897,NJ-00014,WOODLAND PARK,7424,PASSAIC,NJ,93551,86451,7100,49700,44100,0,5600
382,12112,12113,,NC-00026,HIGH POINT,27265,GUILFORD,NC,294026,285026,9000,0,0,0,0
383,12126,12127,,ME-00025,EXETER,3833,ROCKINGHAM,NH,306853,231683,75170,233800,163600,70200,0
384,12126,12127,,ME-00025,HAMPTON BEACH,3842,ROCKINGHAM,NH,2379274,2102162,277112,0,0,0,0
385,12126,12127,,ME-00025,HAMPTON FALLS,3844,ROCKINGHAM,NH,4900,4900,0,0,0,0,0
386,12126,12127,,ME-00025,LYMAN,4002,YORK,ME,91347,91347,0,91400,91400,0,0
387,12126,12127,,ME-00025,WELLS,4090,YORK,ME,148020,148020,0,48800,31800,0,17000
388,12126,12127,,ME-00025,YARMOUTH,4096,CUMBERLAND,ME,32160,0,32160,32200,0,32200,0
389,12126,12127,,ME-00025,York,3909,YORK,ME,11829,11829,0,11900,11900,0,0
390,12128,12129,,NY-00087,BABYLON,11702,SUFFOLK,NY,89115,89115,0,0,0,0,0
391,12128,12129,,NY-00087,CENTER MORICHES,11934,SUFFOLK,NY,19724,19724,0,19800,19800,0,0
392,12128,12129,,NY-00087,CORAM,11727,SUFFOLK,NY,56869,55769,1100,0,0,0,0
393,12128,12129,,NY-00087,FREEPORT,11520,NASSAU,NY,57249,44077,13172,57300,44100,13200,0
394,12128,12129,,NY-00087,JAMESPORT,11947,SUFFOLK,NY,25214,4188,21026,65500,4200,21100,40200
395,12128,12129,,NY-00087,LAUREL,11948,SUFFOLK,NY,171146,171146,0,0,0,0,0
396,12128,12129,,NY-00087,LIDO BEACH,11561,NASSAU,NY,1368518,1368518,0,1368600,1368600,0,0
397,12128,12129,,NY-00087,MASTIC BEACH,11951,SUFFOLK,NY,9828,8728,1100,9900,8800,1100,0
398,12128,12129,,NY-00087,MONTAUK,11954,SUFFOLK,NY,3631,3631,0,3700,3700,0,0
399,12128,12129,,NY-00087,RIVERHEAD,11901,SUFFOLK,NY,94435,91235,3200,94500,91300,3200,0
400,12128,12129,,NY-00087,SHELTER ISLAND,11964,SUFFOLK,NY,25609,24509,1100,25000,23900,1100,0
401,12128,12129,,NY-00087,SHIRLEY,11967,SUFFOLK,NY,28900,0,28900,0,0,0,0
402,12130,12131,,CA-00154,BRAWLEY,92227,IMPERIAL,CA,23532,17932,5600,0,0,0,0
403,12130,12131,,CA-00154,CALEXICO,92231,IMPERIAL,CA,3081769,3061222,20547,803700,787600,0,16100
404,12130,12131,,CA-00154,EL CENTRO,22443,IMPERIAL,CA,19485,19485,0,14000,14000,0,0
405,12130,12131,,CA-00154,EL CENTRO,92243,IMPERIAL,CA,2727654,2713324,14330,2651900,2561600,12600,77700
406,12130,12131,,CA-00154,EL CENTRO,92244,IMPERIAL,CA,108502,10841,97661,0,0,0,0
407,12130,12131,,CA-00154,IMPERIAL,92251,IMPERIAL,CA,15533,15533,0,0,0,0,0
408,12147,12148,1906,MS-00035,ABERDEEN,39730,MONROE,MS,11067,11067,0,0,0,0,0
409,12147,12148,1906,MS-00035,ACKERMAN,39735,CHOCTAW,MS,11034,7934,3100,0,0,0,0
410,12147,12148,1906,MS-00035,YAZOO CITY,39194,YAZOO,MS,2844025,2435797,408228,522000,281900,220200,19900
411,12147,12148,1906,MS-00035,Yazoo City,39194,YAZOO,MS,0,0,0,200000,0,0,200000
412,12155,12156,1908,AL-00029,ALBERTVILLE,35950,MARSHALL,AL,1540194,1506209,33985,399700,399700,0,0
413,12155,12156,1908,AL-00029,ALBERTVILLE,35951,MARSHALL,AL,142268,124802,17466,80800,68400,11000,1400
414,12155,12156,1908,AL-00029,HORTON,35980,MARSHALL,AL,5207,0,5207,0,0,0,0
415,12155,12156,1908,AL-00029,MENTONE,35984,DE KALB,AL,151608,126266,25342,0,0,0,0
416,12155,12156,1908,AL-00029,RAINSVILLE,35986,DE KALB,AL,118272,118272,0,0,0,0,0
417,12159,12160,1909,TN-00039,ADAMS,37010,ROBERTSON,TN,204461,92757,111704,236200,92800,111700,31700
418,12159,12160,1909,TN-00039,ADAMSVILLE,38310,MCNAIRY,TN,235553,204755,30798,150900,118300,0,32600
419,12159,12160,1909,TN-00039,ALAMO,38001,CROCKETT,TN,10949,7449,3500,0,0,0,0
420,12159,12160,1909,TN-00039,ALEXANDRIA,37012,DEKALB,TN,30533,0,30533,0,0,0,0
421,12159,12160,1909,TN-00039,ANTIOCH,37013,DAVIDSON,TN,2427828,1715286,712542,1780500,1007000,253000,341200
422,12159,12160,1909,TN-00039,ANTIOCH,37217,DAVIDSON,TN,16505,16505,0,0,0,0,0
423,12159,12160,1909,TN-00039,ASHLAND CITY,37015,CHEATHAM,TN,2666472,2147248,519224,1999800,1294800,417900,265700
424,12159,12160,1909,TN-00039,ASHLAND CITY,37082,CHEATHAM,TN,11878,11878,0,0,0,0,0
425,12159,12160,1909,TN-00039,ASHLAND CITY,37135,CHEATHAM,TN,1131921,1131921,0,0,0,0,0
426,12159,12160,1909,TN-00039,ATOKA,38004,TIPTON,TN,222133,157728,64405,191100,136100,37000,18000
427,12159,12160,1909,TN-00039,BARTLETT,38134,SHELBY,TN,51064,49764,1300,49800,49800,0,0
428,12159,12160,1909,TN-00039,BELLEVUE,37221,DAVIDSON,TN,35899,10224,25675,12900,10300,2600,0
429,12159,12160,1909,TN-00039,BELLS,38006,CROCKETT,TN,96830,32254,64576,0,0,0,0
430,12159,12160,1909,TN-00039,BETHEL SPRINGS,38315,MCNAIRY,TN,17538,17238,300,18200,17200,300,700
431,12159,12160,1909,TN-00039,BETHPAGE,37022,SUMNER,TN,35801,35801,0,38600,35900,0,2700
432,12159,12160,1909,TN-00039,BIG ROCK,37023,STEWART,TN,14900,0,14900,0,0,0,0
433,12159,12160,1909,TN-00039,BLOOMINGTON SPRINGS,38545,PUTNAM,TN,67045,14230,52815,60000,8600,51400,0
434,12159,12160,1909,TN-00039,BOLIVAR,38008,HARDEMAN,TN,44500,41700,2800,44500,41700,2800,0
435,12159,12160,1909,TN-00039,BON AQUA,37025,HICKMAN,TN,23279,3767,19512,9700,0,9700,0
436,12159,12160,1909,TN-00039,BRENTWOOD,37027,DAVIDSON,TN,984670,893835,90835,757200,716700,40500,0
437,12159,12160,1909,TN-00039,BRENTWOOD,37027,WILLIAMSON,TN,281268,220273,60995,14000,14000,0,0
438,12159,12160,1909,TN-00039,BRIGHTON,38011,TIPTON,TN,723706,532045,191661,191700,0,191700,0
439,12159,12160,1909,TN-00039,BROWNSVILLE,38012,HAYWOOD,TN,318947,277252,41695,210200,178800,29300,2100
440,12159,12160,1909,TN-00039,BURNS,37029,DICKSON,TN,22878,22878,0,22900,22900,0,0
441,12159,12160,1909,TN-00039,CAMDEN,38320,BENTON,TN,854002,576217,277785,704200,522400,124500,57300
442,12159,12160,1909,TN-00039,CARTHAGE,37030,SMITH,TN,366730,363305,3425,0,0,0,0
443,12159,12160,1909,TN-00039,CEDAR GROVE,38321,HENDERSON,TN,255770,255770,0,0,0,0,0
444,12159,12160,1909,TN-00039,CENTERVILLE,37033,HICKMAN,TN,633502,331002,302500,470900,182800,219400,20700
445,12159,12160,1909,TN-00039,CHAPEL HILL,37034,MARSHALL,TN,210282,203032,7250,214400,193000,0,21400
446,12159,12160,1909,TN-00039,CHAPMANSBORO,37035,CHEATHAM,TN,480830,467480,13350,7200,0,0,7200
447,12159,12160,1909,TN-00039,CHARLOTTE,37036,DAVIDSON,TN,63150,59275,3875,0,0,0,0
448,12159,12160,1909,TN-00039,CHARLOTTE,37036,DICKSON,TN,17540,17540,0,0,0,0,0
449,12159,12160,1909,TN-00039,CLARKSVILLE,37040,MONTGOMERY,TN,2895688,1280561,1615127,1381400,443600,694800,243000
450,12159,12160,1909,TN-00039,CLARKSVILLE,37042,MONTGOMERY,TN,370390,146230,224160,51800,31600,20200,0
451,12159,12160,1909,TN-00039,CLARKSVILLE,37043,MONTGOMERY,TN,56124,36427,19697,35400,24100,11300,0
452,12159,12160,1909,TN-00039,COLLINWOOD,38450,WAYNE,TN,86919,77492,9427,0,0,0,0
453,12159,12160,1909,TN-00039,COLUMBIA,38401,MAURY,TN,77853,67928,9925,14000,13000,1000,0
454,12159,12160,1909,TN-00039,COOKEVILLE,38501,JACKSON,TN,33843,33843,0,0,0,0,0
455,12159,12160,1909,TN-00039,CORDOVA,38016,SHELBY,TN,26064,26064,0,18000,15700,0,2300
456,12159,12160,1909,TN-00039,CORDOVA,38018,SHELBY,TN,247450,246450,1000,246500,246500,0,0
457,12159,12160,1909,TN-00039,COVINGTON,38019,TIPTON,TN,231289,88792,142497,122500,36400,70800,15300
458,12159,12160,1909,TN-00039,CUMBERLAND CITY,37050,STEWART,TN,163672,101674,61998,9900,9900,0,0
459,12159,12160,1909,TN-00039,DICKSON,37055,DICKSON,TN,138425,133335,5090,0,0,0,0
460,12159,12160,1909,TN-00039,DICKSON,37055,HICKMAN,TN,18700,0,18700,0,0,0,0
461,12159,12160,1909,TN-00039,DIXON SPRINGS,37057,SMITH,TN,8959,8959,0,9000,9000,0,0
462,12159,12160,1909,TN-00039,DYERSBURG,38024,DYER,TN,3606241,2158586,1447655,1490200,728700,582400,179100
463,12159,12160,1909,TN-00039,ELMWOOD,38560,SMITH,TN,63500,0,63500,113400,0,63500,49900
464,12159,12160,1909,TN-00039,ERIN,37061,HOUSTON,TN,365557,295667,69890,288300,181700,69300,37300
465,12159,12160,1909,TN-00039,FAIRVIEW,37062,WILLIAMSON,TN,135310,130010,5300,0,0,0,0
466,12159,12160,1909,TN-00039,FRANKLIN,37064,DAVIDSON,TN,109846,107146,2700,116400,107200,2700,6500
467,12159,12160,1909,TN-00039,FRANKLIN,37064,WILLIAMSON,TN,1290190,1025530,264660,259900,193200,40800,25900
468,12159,12160,1909,TN-00039,FRANKLIN,37067,WILLIAMSON,TN,32805,31755,1050,0,0,0,0
469,12159,12160,1909,TN-00039,FRANKLIN,37069,WILLIAMSON,TN,600464,485061,115403,187000,157900,24900,4200
470,12159,12160,1909,TN-00039,GALLATIN,37066,SUMNER,TN,996010,654894,341116,458100,346800,73600,37700
471,12159,12160,1909,TN-00039,GOODLETTSVILLE,37072,DAVIDSON,TN,869681,717387,152294,818800,635800,94000,89000
472,12159,12160,1909,TN-00039,GOODLETTSVILLE,37072,ROBERTSON,TN,223267,223267,0,0,0,0,0
473,12159,12160,1909,TN-00039,GOODLETTSVILLE,37072,SUMNER,TN,904676,787499,117177,60800,7300,53500,0
474,12159,12160,1909,TN-00039,GORDONSVILLE,38563,SMITH,TN,238021,233021,5000,0,0,0,0
475,12159,12160,1909,TN-00039,GRAND JUCTION,38039,FAYETTE,TN,43355,40990,2365,0,0,0,0
476,12159,12160,1909,TN-00039,GRANVILLE,38564,JACKSON,TN,7625,6941,684,0,0,0,0
477,12159,12160,1909,TN-00039,HALLS,38040,LAUDERDALE,TN,262564,251964,10600,117000,64500,7800,0
478,12159,12160,1909,TN-00039,HENDERSONVILLE,37075,SUMNER,TN,1086337,735815,350522,409000,299300,93200,16500
479,12159,12160,1909,TN-00039,HENNING,38041,LAUDERDALE,TN,54970,54970,0,0,0,0,0
480,12159,12160,1909,TN-00039,HERMITAGE,37076,DAVIDSON,TN,415194,310337,104857,90400,36000,50600,3800
481,12159,12160,1909,TN-00039,HOLLADAY,38341,BENTON,TN,49103,38683,10420,0,0,0,0
482,12159,12160,1909,TN-00039,HOLLADAY,38341,DECATUR,TN,37386,37386,0,0,0,0,0
483,12159,12160,1909,TN-00039,HUMBOLDT,38343,GIBSON,TN,633892,420017,213875,26600,2100,24500,0
484,12159,12160,1909,TN-00039,HUNTINGDON,38344,CARROLL,TN,104587,8302,96285,0,0,0,0
485,12159,12160,1909,TN-00039,JACKSON,38301,MADISON,TN,1682662,481247,1201415,1129800,404500,662500,62800
486,12159,12160,1909,TN-00039,JACKSON,38305,MADISON,TN,2186689,2072447,114242,852900,756400,59600,36900
487,12159,12160,1909,TN-00039,Jackson,38301,MADISON,TN,30311,20311,10000,0,0,0,0
488,12159,12160,1909,TN-00039,JOELTON,37080,CHEATHAM,TN,96842,95017,1825,0,0,0,0
489,12159,12160,1909,TN-00039,KENTON,38233,OBION,TN,1011698,421927,589771,664200,378600,285600,0
490,12159,12160,1909,TN-00039,KINGSTON SPRINGS,37082,CHEATHAM,TN,442683,174103,268580,17900,0,7400,10500
491,12159,12160,1909,TN-00039,LA VERGNE,37086,RUTHERFORD,TN,145665,74072,71593,52600,300,13100,39200
492,12159,12160,1909,TN-00039,LASCASSAS,37085,RUTHERFORD,TN,9279,9279,0,0,0,0,0
493,12159,12160,1909,TN-00039,lavergne,37086,RUTHERFORD,TN,33083,5583,27500,132300,5600,27500,99200
494,12159,12160,1909,TN-00039,LAVINIA,38348,CARROLL,TN,57630,57630,0,0,0,0,0
495,12159,12160,1909,TN-00039,LEBANON,37090,DAVIDSON,TN,170751,0,170751,60000,0,60000,0
496,12159,12160,1909,TN-00039,LEBANON,37087,SMITH,TN,0,0,0,20000,0,0,20000
497,12159,12160,1909,TN-00039,LEBANON,37087,WILSON,TN,298061,159405,138656,35200,0,35200,0
498,12159,12160,1909,TN-00039,LEBANON,37088,WILSON,TN,69856,37586,32270,0,0,0,0
499,12159,12160,1909,TN-00039,LEBANON,37090,WILSON,TN,74492,72592,1900,0,0,0,0
500,12159,12160,1909,TN-00039,LIBERTY,37095,DEKALB,TN,75596,75596,0,75600,75600,0,0
501,12159,12160,1909,TN-00039,LINDEN,37096,PERRY,TN,379226,347256,31970,39000,10000,28400,600
502,12159,12160,1909,TN-00039,LOBELVILLE,37097,PERRY,TN,23013,23013,0,0,0,0,0
503,12159,12160,1909,TN-00039,MADISON,37115,DAVIDSON,TN,866987,597110,269877,512200,378600,106700,26900
504,12159,12160,1909,TN-00039,MASON,38049,TIPTON,TN,102686,69009,33677,17500,10300,3200,4000
505,12159,12160,1909,TN-00039,MEMPHIS,38104,SHELBY,TN,285598,167138,118460,91600,79600,7000,5000
506,12159,12160,1909,TN-00039,MEMPHIS,38106,SHELBY,TN,25832,24032,1800,0,0,0,0
507,12159,12160,1909,TN-00039,MEMPHIS,38107,SHELBY,TN,294447,273602,20845,32400,28500,3900,0
508,12159,12160,1909,TN-00039,MEMPHIS,38108,SHELBY,TN,3225,3225,0,0,0,0,0
509,12159,12160,1909,TN-00039,MEMPHIS,38112,SHELBY,TN,98806,94106,4700,51700,47000,4700,0
510,12159,12160,1909,TN-00039,MEMPHIS,38114,SHELBY,TN,83089,80709,2380,11800,11000,800,0
511,12159,12160,1909,TN-00039,MEMPHIS,38118,SHELBY,TN,2665,65,2600,0,0,0,0
512,12159,12160,1909,TN-00039,MEMPHIS,38127,SHELBY,TN,126854,70500,56354,0,0,0,0
513,12159,12160,1909,TN-00039,MEMPHIS,38128,SHELBY,TN,1497714,1376119,121595,0,0,0,0
514,12159,12160,1909,TN-00039,MEMPHIS,38135,SHELBY,TN,0,0,0,1800,0,0,1800
515,12159,12160,1909,TN-00039,MILLINGTON,38053,SHELBY,TN,11312423,10544650,767773,3131200,2881400,219400,30400
516,12159,12160,1909,TN-00039,MOUNT JULIET,37122,WILSON,TN,247728,181473,66255,85300,41700,7700,35900
517,12159,12160,1909,TN-00039,MUNFORD,38058,TIPTON,TN,174903,106167,68736,0,0,0,0
518,12159,12160,1909,TN-00039,MURFREESBORO,37129,DAVIDSON,TN,19895,0,19895,19900,0,19900,0
519,12159,12160,1909,TN-00039,MURFREESBORO,37128,RUTHERFORD,TN,13564,0,13564,64400,0,13600,50800
520,12159,12160,1909,TN-00039,MURFREESBORO,37129,RUTHERFORD,TN,342982,324559,18423,135600,89900,17700,28000
521,12159,12160,1909,TN-00039,MURFREESBORO,37130,RUTHERFORD,TN,10652,2872,7780,0,0,0,0
522,12159,12160,1909,TN-00039,NASHVILLE,30126,DAVIDSON,TN,30832,30332,500,0,0,0,0
523,12159,12160,1909,TN-00039,NASHVILLE,34218,DAVIDSON,TN,35345,34570,775,35400,34600,800,0
524,12159,12160,1909,TN-00039,NASHVILLE,37013,DAVIDSON,TN,9777,5918,3859,0,0,0,0
525,12159,12160,1909,TN-00039,NASHVILLE,37027,DAVIDSON,TN,5468,5468,0,0,0,0,0
526,12159,12160,1909,TN-00039,NASHVILLE,37075,DAVIDSON,TN,22761,22761,0,0,0,0,0
527,12159,12160,1909,TN-00039,NASHVILLE,37118,DAVIDSON,TN,50684,49084,1600,0,0,0,0
528,12159,12160,1909,TN-00039,NASHVILLE,37201,DAVIDSON,TN,10463932,8813108,1650824,1852300,1417100,229500,205700
529,12159,12160,1909,TN-00039,NASHVILLE,37203,DAVIDSON,TN,1311164,853467,457697,418700,137500,218100,63100
530,12159,12160,1909,TN-00039,NASHVILLE,37204,DAVIDSON,TN,1585582,912076,673506,504400,168800,203300,132300
531,12159,12160,1909,TN-00039,NASHVILLE,37205,DAVIDSON,TN,3125218,2435478,689740,1797000,865800,493400,437800
532,12159,12160,1909,TN-00039,NASHVILLE,37206,DAVIDSON,TN,421582,353913,67669,384300,218700,54400,111200
533,12159,12160,1909,TN-00039,NASHVILLE,37207,DAVIDSON,TN,7307311,5134722,2172589,3419200,1097700,1229800,726600
534,12159,12160,1909,TN-00039,NASHVILLE,37208,DAVIDSON,TN,2972513,2198105,774408,1010900,204300,592700,213900
535,12159,12160,1909,TN-00039,NASHVILLE,37209,DAVIDSON,TN,3168892,2572214,596678,1568100,1519700,32600,15800
536,12159,12160,1909,TN-00039,NASHVILLE,37210,DAVIDSON,TN,9913224,4358007,5555217,4295700,1730600,2272400,292700
537,12159,12160,1909,TN-00039,NASHVILLE,37211,DAVIDSON,TN,4375296,356754,4018542,2132600,142700,1620900,369000
538,12159,12160,1909,TN-00039,NASHVILLE,37212,DAVIDSON,TN,16201,13261,2940,0,0,0,0
539,12159,12160,1909,TN-00039,NASHVILLE,37213,DAVIDSON,TN,6939318,2410295,4529023,3908700,1407000,2235500,266200
540,12159,12160,1909,TN-00039,NASHVILLE,37214,DAVIDSON,TN,6621370,3756870,2864500,5433300,2782300,1535300,1115700
541,12159,12160,1909,TN-00039,NASHVILLE,37215,DAVIDSON,TN,2609655,2303523,306132,1536800,1513600,20600,2600
542,12159,12160,1909,TN-00039,NASHVILLE,37216,DAVIDSON,TN,634467,503715,130752,187300,114400,72400,500
543,12159,12160,1909,TN-00039,NASHVILLE,37217,DAVIDSON,TN,1318418,219500,1098918,678700,50200,580500,48000
544,12159,12160,1909,TN-00039,NASHVILLE,37218,DAVIDSON,TN,1177610,849381,328229,853800,526700,267700,59400
545,12159,12160,1909,TN-00039,NASHVILLE,37220,DAVIDSON,TN,37049,36299,750,3200,2400,800,0
546,12159,12160,1909,TN-00039,NASHVILLE,37221,DAVIDSON,TN,25179160,21638421,3540739,12784700,10958000,1423500,403200
547,12159,12160,1909,TN-00039,NASHVILLE,37224,DAVIDSON,TN,72551,2232,70319,0,0,0,0
548,12159,12160,1909,TN-00039,NASHVILLE,37228,DAVIDSON,TN,372857,314665,58192,202300,188400,13900,0
549,12159,12160,1909,TN-00039,NASHVILLE,37243,DAVIDSON,TN,5096,0,5096,0,0,0,0
550,12159,12160,1909,TN-00039,NASHVILLE,37914,DAVIDSON,TN,18251,18251,0,45000,18300,0,26700
551,12159,12160,1909,TN-00039,NASHVILLE,57221,DAVIDSON,TN,3017,0,3017,0,0,0,0
552,12159,12160,1909,TN-00039,Nashville,37210,DAVIDSON,TN,39250,0,39250,0,0,0,0
553,12159,12160,1909,TN-00039,Nashville,37214,DAVIDSON,TN,0,0,0,28100,0,0,28100
554,12159,12160,1909,TN-00039,Nashville,37221,DAVIDSON,TN,0,0,0,38100,0,0,38100
555,12159,12160,1909,TN-00039,nashville,37221,DAVIDSON,TN,0,0,0,600,0,0,600
556,12159,12160,1909,TN-00039,NASHVILLE,37206,WILLIAMSON,TN,33331,31126,2205,0,0,0,0
557,12159,12160,1909,TN-00039,NASHVILLE,37215,WILLIAMSON,TN,16140,0,16140,0,0,0,0
558,12159,12160,1909,TN-00039,NASHVILLE,37216,WILLIAMSON,TN,134559,126759,7800,0,0,0,0
559,12159,12160,1909,TN-00039,NASHVILLE,37221,WILLIAMSON,TN,8650,0,8650,0,0,0,0
560,12159,12160,1909,TN-00039,NOLENSVILLE,37135,WILLIAMSON,TN,16595,7345,9250,0,0,0,0
561,12159,12160,1909,TN-00039,NUNNELLY,37137,HICKMAN,TN,532920,475575,57345,293000,250800,8400,33800
562,12159,12160,1909,TN-00039,OLD HICKORY,37138,DAVIDSON,TN,3929590,2925642,1003948,2551300,1348100,937300,265900
563,12159,12160,1909,TN-00039,OLD HICKORY,37066,SUMNER,TN,19660,0,19660,8800,0,7000,1800
564,12159,12160,1909,TN-00039,OLD HICKORY,37138,WILSON,TN,29548,0,29548,29600,0,29600,0
565,12159,12160,1909,TN-00039,PEGRAM,37143,CHEATHAM,TN,310549,129199,181350,281300,80300,177800,23200
566,12159,12160,1909,TN-00039,PLEASANT SHADE,37145,SMITH,TN,63052,52703,10349,6700,6700,0,0
567,12159,12160,1909,TN-00039,PLEASANTVILLE,37033,HICKMAN,TN,49672,49672,0,0,0,0,0
568,12159,12160,1909,TN-00039,RED BOILING SPRINGS,37150,CLAY,TN,15379,7979,7400,0,0,0,0
569,12159,12160,1909,TN-00039,RED BOILING SPRINGS,37150,MACON,TN,1068,1068,0,1100,1100,0,0
570,12159,12160,1909,TN-00039,RIPLEY,38063,LAUDERDALE,TN,36294,36294,0,0,0,0,0
571,12159,12160,1909,TN-00039,ROCKVALE,37153,RUTHERFORD,TN,7914,0,7914,0,0,0,0
572,12159,12160,1909,TN-00039,RUTHERFORD,38369,GIBSON,TN,60630,47493,13137,0,0,0,0
573,12159,12160,1909,TN-00039,SALTILLO,38370,HARDIN,TN,81063,57243,23820,76100,57300,18800,0
574,12159,12160,1909,TN-00039,SANTA MONICA,90403,DAVIDSON,TN,51925,0,51925,0,0,0,0
575,12159,12160,1909,TN-00039,SAVANNAH,38372,HARDIN,TN,116101,115501,600,24700,24100,600,0
576,12159,12160,1909,TN-00039,SELMER,38375,MCNAIRY,TN,103807,47357,56450,100500,28200,56500,15800
577,12159,12160,1909,TN-00039,SMITHVILLE,37166,DEKALB,TN,55073,28203,26870,37700,10800,26900,0
578,12159,12160,1909,TN-00039,SMYRNA,37167,RUTHERFORD,TN,652500,648250,4250,95200,62400,700,32100
579,12159,12160,1909,TN-00039,SOMERVILLE,38068,FAYETTE,TN,12162,12162,0,0,0,0,0
580,12159,12160,1909,TN-00039,SPRING HILL,37174,DAVIDSON,TN,50484,23895,26589,50500,23900,26600,0
581,12159,12160,1909,TN-00039,SPRINGFIELD,37172,ROBERTSON,TN,77151,55206,21945,88800,55400,21900,11500
582,12159,12160,1909,TN-00039,Springfield,37172,ROBERTSON,TN,0,0,0,13500,0,0,13500
583,12159,12160,1909,TN-00039,springfield,37172,ROBERTSON,TN,0,0,0,3100,0,0,3100
584,12159,12160,1909,TN-00039,STEWART,37175,HOUSTON,TN,17620,14820,2800,0,0,0,0
585,12159,12160,1909,TN-00039,THOMPSONS STATION,37179,WILLIAMSON,TN,15819,15819,0,14000,14000,0,0
586,12159,12160,1909,TN-00039,TRENTON,38382,GIBSON,TN,857357,418971,438386,208700,70900,124900,12900
587,12159,12160,1909,TN-00039,WAVERLY,37185,HUMPHREYS,TN,258254,115406,142848,0,0,0,0
588,12159,12160,1909,TN-00039,WESTMORELAND,37186,MACON,TN,338792,256432,82360,0,0,0,0
589,12159,12160,1909,TN-00039,WHITE BLUFF,37187,CHEATHAM,TN,46921,45671,1250,48200,45700,1300,1200
590,12159,12160,1909,TN-00039,WHITE HOUSE,37188,ROBERTSON,TN,107081,105181,1900,0,0,0,0
591,12159,12160,1909,TN-00039,WHITES CREEK,37189,DAVIDSON,TN,45280,37980,7300,59500,0,0,59500
592,12159,12160,1909,TN-00039,WOODBURY,37190,CANNON,TN,32671,32671,0,0,0,0,0
593,12168,12169,1912,KY-00032,ADOLPHUS,42120,ALLEN,KY,6804,6204,600,0,0,0,0
594,12168,12169,1912,KY-00032,ALBANY,42602,CLINTON,KY,32908,29508,3400,14000,14000,0,0
595,12168,12169,1912,KY-00032,ALVATON,42122,WARREN,KY,57032,37182,19850,0,0,0,0
596,12168,12169,1912,KY-00032,AUBURN,42206,LOGAN,KY,6110,6110,0,0,0,0,0
597,12168,12169,1912,KY-00032,BOWLING GREEN,42101,WARREN,KY,822256,623217,199039,248900,227400,21500,0
598,12168,12169,1912,KY-00032,BOWLING GREEN,42103,WARREN,KY,452823,416330,36493,0,0,0,0
599,12168,12169,1912,KY-00032,BOWLING GREEN,42104,WARREN,KY,22707,20757,1950,0,0,0,0
600,12168,12169,1912,KY-00032,BRADFORDSVILLE,40009,MARION,KY,68603,38453,30150,0,0,0,0
601,12168,12169,1912,KY-00032,CAMPBELLSVILLE,42718,TAYLOR,KY,16756,13256,3500,7600,7600,0,0
602,12168,12169,1912,KY-00032,CAVE CITY,42127,BARREN,KY,19462,19462,0,0,0,0,0
603,12168,12169,1912,KY-00032,CLEARFIELD,40313,ROWAN,KY,79799,77749,2050,80800,77800,2000,1000
604,12168,12169,1912,KY-00032,COLUMBIA,42728,ADAIR,KY,138592,88843,49749,137700,88000,49700,0
605,12168,12169,1912,KY-00032,CRAB ORCHARD,40419,LINCOLN,KY,29816,26316,3500,0,0,0,0
606,12168,12169,1912,KY-00032,DANVILLE,40422,BOYLE,KY,44463,18306,26157,21700,0,17300,4400
607,12168,12169,1912,KY-00032,DUBRE,42731,CUMBERLAND,KY,22222,22222,0,0,0,0,0
608,12168,12169,1912,KY-00032,EDMONTON,42129,METCALFE,KY,36627,36627,0,0,0,0,0
609,12168,12169,1912,KY-00032,FARMERS,40319,ROWAN,KY,17004,0,17004,16000,0,14000,2000
610,12168,12169,1912,KY-00032,FRANKFORT,40601,FRANKLIN,KY,207294,180419,26875,28500,19900,8600,0
611,12168,12169,1912,KY-00032,FRANKLIN,42134,SIMPSON,KY,36913,36913,0,38300,37000,0,1300
612,12168,12169,1912,KY-00032,FRENCHBURG,40322,MENIFEE,KY,42964,42964,0,0,0,0,0
613,12168,12169,1912,KY-00032,GLASGOW,42141,BARREN,KY,49803,36723,13080,13400,300,13100,0
614,12168,12169,1912,KY-00032,GRAVEL SWITCH,40328,MARION,KY,157328,117613,39715,0,0,0,0
615,12168,12169,1912,KY-00032,GRAYSON,41143,CARTER,KY,70936,58453,12483,0,0,0,0
616,12168,12169,1912,KY-00032,GREENUP,41144,GREENUP,KY,248171,80936,167235,146100,53200,90100,2800
617,12168,12169,1912,KY-00032,HARRODSBURG,40330,MERCER,KY,578333,573258,5075,215100,207300,5100,2700
618,12168,12169,1912,KY-00032,IRVINE,40336,ESTILL,KY,51321,48331,2990,14000,14000,0,0
619,12168,12169,1912,KY-00032,JAMESTOWN,42629,RUSSELL,KY,17561,17561,0,0,0,0,0
620,12168,12169,1912,KY-00032,KINGS MOUNTAIN,40442,LINCOLN,KY,3655,3135,520,3900,3200,500,200
621,12168,12169,1912,KY-00032,KNOB LICK,42154,METCALFE,KY,19352,19352,0,0,0,0,0
622,12168,12169,1912,KY-00032,LANCASTER,40444,GARRARD,KY,489113,380523,108590,10200,10200,0,0
623,12168,12169,1912,KY-00032,LEWISBURG,42256,LOGAN,KY,13730,12930,800,0,0,0,0
624,12168,12169,1912,KY-00032,LEXINGTON,40505,FAYETTE,KY,114138,114138,0,0,0,0,0
625,12168,12169,1912,KY-00032,LEXINGTON,40515,FAYETTE,KY,68808,59458,9350,0,0,0,0
626,12168,12169,1912,KY-00032,LEXINGTON,40515,JESSAMINE,KY,87472,78584,8888,59800,49300,8900,1600
627,12168,12169,1912,KY-00032,LIBERTY,42539,CASEY,KY,1513140,608052,905088,860300,161900,576700,121700
628,12168,12169,1912,KY-00032,MC HENRY,42354,OHIO,KY,29821,29821,0,30700,29900,0,800
629,12168,12169,1912,KY-00032,MCKEE,40447,JACKSON,KY,6745,6345,400,0,0,0,0
630,12168,12169,1912,KY-00032,MONTICELLO,42633,WAYNE,KY,49269,35594,13675,68000,35700,13600,18700
631,12168,12169,1912,KY-00032,MOREHEAD,40351,ROWAN,KY,434806,334346,100460,70500,66400,3800,300
632,12168,12169,1912,KY-00032,MOUNT HERMON,42157,MONROE,KY,29537,846,28691,0,0,0,0
633,12168,12169,1912,KY-00032,MOUNT STERLING,40353,MONTGOMERY,KY,438695,245152,193543,22500,300,22200,0
634,12168,12169,1912,KY-00032,MOUNT VERNON,40456,ROCKCASTLE,KY,18320,18320,0,0,0,0,0
635,12168,12169,1912,KY-00032,MUNFORDVILLE,42765,HART,KY,61865,43465,18400,0,0,0,0
636,12168,12169,1912,KY-00032,NEW HAVEN,40051,NELSON,KY,545603,470948,74655,104000,104000,0,0
637,12168,12169,1912,KY-00032,OLIVE HILL,41164,CARTER,KY,953581,355216,598365,257700,97300,107700,52700
638,12168,12169,1912,KY-00032,PAINT LICK,40461,GARRARD,KY,363264,282830,80434,369300,224300,42900,102100
639,12168,12169,1912,KY-00032,PARIS,40361,BOURBON,KY,8086,8086,0,8100,8100,0,0
640,12168,12169,1912,KY-00032,RICHMOND,40475,MADISON,KY,161041,150291,10750,16900,10800,6100,0
641,12168,12169,1912,KY-00032,RUSSELLVILLE,42276,LOGAN,KY,84993,42568,42425,111900,25900,30600,55400
642,12168,12169,1912,KY-00032,SALT LICK,40371,BATH,KY,506199,180588,325611,17500,17500,0,0
643,12168,12169,1912,KY-00032,SALVISA,40372,MERCER,KY,137155,114987,22168,0,0,0,0
644,12168,12169,1912,KY-00032,SOMERSET,42503,PULASKI,KY,1071559,1038430,33129,0,0,0,0
645,12168,12169,1912,KY-00032,SONORA,42776,HARDIN,KY,19435,18685,750,0,0,0,0
646,12168,12169,1912,KY-00032,STANFORD,40484,LINCOLN,KY,293285,215420,77865,32000,9900,22100,0
647,12168,12169,1912,KY-00032,TOMPKINSVILLE,42167,MONROE,KY,242583,216683,25900,221300,197600,23700,0
648,12168,12169,1912,KY-00032,VANCEBURG,41179,LEWIS,KY,13000,0,13000,0,0,0,0
649,12168,12169,1912,KY-00032,VERSAILLES,40383,WOODFORD,KY,202472,154472,48000,89700,88000,1500,200
650,12168,12169,1912,KY-00032,WEST SOMERSET,42564,PULASKI,KY,40234,38634,1600,0,0,0,0
651,12168,12169,1912,KY-00032,WILMORE,40390,JESSAMINE,KY,210021,201806,8215,7600,0,7600,0
652,12168,12169,1912,KY-00032,WINCHESTER,40391,CLARK,KY,118191,105734,12457,61000,61000,0,0
653,12175,12176,,SC-00011,DARLINGTON,29532,DARLINGTON,SC,75592,67528,8064,0,0,0,0
654,12175,12176,,SC-00011,DARLINGTON,29540,DARLINGTON,SC,187767,187767,0,0,0,0,0
655,12186,12187,1916,MS-00037,BLUE MOUNTAIN,38610,TIPPAH,MS,12891,12891,0,11500,11500,0,0
656,12186,12187,1916,MS-00037,CORINTH,38834,ALCORN,MS,593128,334410,258718,201900,48700,60500,92700
657,12192,12193,,FL-00053,PLANT CITY,33565,HILLSBOROUGH,FL,69043,66043,3000,0,0,0,0
658,12192,12193,,FL-00053,TAMPA,33619,HILLSBOROUGH,FL,0,0,0,46100,0,0,46100
659,12194,12195,1917,OK-00038,CHOCTAW,73020,OKLAHOMA,OK,2043202,1176179,867023,287500,0,287500,0
660,12194,12195,1917,OK-00038,CLEARVIEW,74880,OKFUSKEE,OK,164285,164285,0,14000,14000,0,0
661,12194,12195,1917,OK-00038,EDMOND,73034,OKLAHOMA,OK,10318,10318,0,10400,10400,0,0
662,12194,12195,1917,OK-00038,HARRAH,73045,OKLAHOMA,OK,497656,473531,24125,224700,224700,0,0
663,12194,12195,1917,OK-00038,MOORE,73160,CLEVELAND,OK,123157,50362,72795,0,0,0,0
664,12194,12195,1917,OK-00038,NOBLE,73068,CLEVELAND,OK,181055,169327,11728,124100,111200,3600,9300
665,12194,12195,1917,OK-00038,NORMAN,73026,CLEVELAND,OK,7000,0,7000,0,0,0,0
666,12194,12195,1917,OK-00038,NORMAN,73068,CLEVELAND,OK,20680,5680,15000,0,0,0,0
667,12194,12195,1917,OK-00038,NORMAN,73070,CLEVELAND,OK,728140,716556,11584,728100,716600,11500,0
668,12194,12195,1917,OK-00038,OKLAHOMA CITY,73114,OKLAHOMA,OK,93890,93890,0,0,0,0,0
669,12194,12195,1917,OK-00038,OKLAHOMA CITY,73135,OKLAHOMA,OK,89384,89384,0,28900,28900,0,0
670,12194,12195,1917,OK-00038,OKLAHOMA CITY,73150,OKLAHOMA,OK,915619,910369,5250,577900,572600,5300,0
671,12194,12195,1917,OK-00038,SEMINOLE,74868,SEMINOLE,OK,500750,500750,0,116300,116300,0,0
672,12194,12195,1917,OK-00038,SHAWNEE,74801,POTTAWATOMIE,OK,72479,60479,12000,0,0,0,0
673,12194,12195,1917,OK-00038,TECUMSEH,74873,POTTAWATOMIE,OK,76033,67533,8500,76100,67600,8500,0
674,12196,12197,,AR-00043,JACKSONVILLE,72076,PULASKI,AR,45306,39806,5500,0,0,0,0
675,12201,12202,1904,CT-00014,BRIDGEPORT,6604,FAIRFIELD,CT,32812,32812,0,0,0,0,0
676,12201,12202,1904,CT-00014,CENTRAL VILLAGE,6332,WINDHAM,CT,869,869,0,0,0,0,0
677,12201,12202,1904,CT-00014,CLINTON,6413,MIDDLESEX,CT,17000,0,17000,5300,0,5300,0
678,12201,12202,1904,CT-00014,EAST LYME,6333,NEW LONDON,CT,1400,0,1400,1400,0,1400,0
679,12201,12202,1904,CT-00014,GALES FERRY,6335,NEW LONDON,CT,81423,81423,0,74000,74000,0,0
680,12201,12202,1904,CT-00014,GROTON,6340,NEW LONDON,CT,97382,76729,20653,114400,10800,20700,82900
681,12201,12202,1904,CT-00014,IVORYTON,6442,MIDDLESEX,CT,35062,34462,600,35100,34500,600,0
682,12201,12202,1904,CT-00014,MIDDLETOWN,6457,MIDDLESEX,CT,65615,65615,0,0,0,0,0
683,12201,12202,1904,CT-00014,MYSTIC,6355,NEW LONDON,CT,62501,56701,5800,0,0,0,0
684,12201,12202,1904,CT-00014,NEW CANAAN,6840,FAIRFIELD,CT,8435,0,8435,0,0,0,0
685,12201,12202,1904,CT-00014,NEW LONDON,6320,NEW LONDON,CT,203100,182433,20667,46600,46600,0,0
686,12201,12202,1904,CT-00014,NIANTIC,6357,NEW LONDON,CT,2400,0,2400,0,0,0,0
687,12201,12202,1904,CT-00014,NORWALK,6854,FAIRFIELD,CT,182647,169497,13150,129900,129900,0,0
688,12201,12202,1904,CT-00014,NORWICH,6360,NEW LONDON,CT,670499,380666,289833,26600,23600,3000,0
689,12201,12202,1904,CT-00014,OLD SAYBROOK,6475,MIDDLESEX,CT,246570,232720,13850,297500,203600,13800,80100
690,12201,12202,1904,CT-00014,QUAKER HILL,6375,NEW LONDON,CT,16822,16822,0,14000,14000,0,0
691,12201,12202,1904,CT-00014,SANDY HOOK,6482,FAIRFIELD,CT,8650,8650,0,0,0,0,0
692,12201,12202,1904,CT-00014,STAMFORD,6905,FAIRFIELD,CT,2200,2200,0,0,0,0,0
693,12201,12202,1904,CT-00014,STONINGTON,6378,NEW LONDON,CT,11107,11107,0,11200,11200,0,0
694,12201,12202,1904,CT-00014,UNCASVILLE,6382,NEW LONDON,CT,39022,37252,1770,0,0,0,0
695,12201,12202,1904,CT-00014,VOLUNTOWN,6384,NEW LONDON,CT,21231,21231,0,0,0,0,0
696,12201,12202,1904,CT-00014,WATERFORD,6385,NEW LONDON,CT,26950,0,26950,33400,0,27000,6400
697,12201,12202,1904,CT-00014,WESTPORT,6880,FAIRFIELD,CT,83224,78504,4720,0,0,0,0
698,12210,12211,1918,WV-00020,DELBARTON,25670,MINGO,WV,81315,81315,0,0,0,0,0
699,12210,12211,1918,WV-00020,HOLDEN,25625,LOGAN,WV,70678,45868,24810,0,0,0,0
700,12210,12211,1918,WV-00020,MAN,25635,LOGAN,WV,9012,9012,0,9100,9100,0,0
701,12210,12211,1918,WV-00020,MOUNT GAY,25637,LOGAN,WV,288688,237020,51668,0,0,0,0
702,12210,12211,1918,WV-00020,WELCH,24801,MCDOWELL,WV,207815,184035,23780,159700,153200,6500,0
703,12210,12211,1918,WV-00020,WHITMAN,25652,LOGAN,WV,41602,41602,0,0,0,0,0
704,12210,12211,1918,WV-00020,YUMA-WILKINSON,25653,LOGAN,WV,30476,30238,238,0,0,0,0
705,12216,12217,,PR-00008,DORADO,646,DORADO,PR,352834,140656,212178,114000,49500,64500,0
706,12216,12217,,PR-00008,NARANJITO,719,NARANJITO,PR,18921,17121,1800,2700,2700,0,0
707,12218,12219,,KS-00044,MANHATTAN,66502,RILEY,KS,287120,265520,21600,0,0,0,0
708,12218,12219,,KS-00044,MANHATTAN,66503,RILEY,KS,66023,58073,7950,60100,52200,7900,0
709,12220,12221,,IL-00024,DWIGHT,60420,LIVINGSTON,IL,409691,405641,4050,0,0,0,0
710,12220,12221,,IL-00024,ELMWOOD,61529,PEORIA,IL,410435,371481,38954,312000,297900,13100,1000
711,12231,12232,,OK-00041,EDMOND,73003,OKLAHOMA,OK,40498,40498,0,44700,40500,0,4200
712,12231,12232,,OK-00041,EDMOND,73012,OKLAHOMA,OK,54211,50411,3800,59100,50500,3800,4800
713,12231,12232,,OK-00041,EDMOND,73034,OKLAHOMA,OK,76267,76267,0,0,0,0,0
714,12231,12232,,OK-00041,OKLAHOMA CITY,73102,OKLAHOMA,OK,498747,412034,86713,0,0,0,0
715,12231,12232,,OK-00041,OKLAHOMA CITY,73114,OKLAHOMA,OK,11910,11910,0,0,0,0,0
716,12231,12232,,OK-00041,OKLAHOMA CITY,73122,OKLAHOMA,OK,361175,361175,0,0,0,0,0
717,12231,12232,,OK-00041,OKLAHOMA CITY,73142,OKLAHOMA,OK,89708,89708,0,89800,89800,0,0
718,12240,12241,,AZ-00010,TONTO BASIN,85553,GILA,AZ,966647,653660,312987,0,0,0,0
719,12242,12243,1925,KY-00035,BEREA,40403,MADISON,KY,11714,11714,0,0,0,0,0
720,12242,12243,1925,KY-00035,GRAYSON,41143,CARTER,KY,94130,92980,1150,95000,93000,1200,800
721,12242,12243,1925,KY-00035,OLIVE HILL,41164,CARTER,KY,200133,168701,31432,86500,45900,27400,13200
722,12242,12243,1925,KY-00035,PIKEVILLE,41501,PIKE,KY,1293978,965448,328530,711800,457500,152200,22500
723,12242,12243,1925,KY-00035,RACCOON,41557,PIKE,KY,297499,246107,51392,0,0,0,0
724,12242,12243,1925,KY-00035,REGINA,41559,PIKE,KY,196811,169151,27660,204000,169300,27600,7100
725,12242,12243,1925,KY-00035,VANCEBURG,41179,LEWIS,KY,438985,220526,218459,121800,59100,34300,28400
726,12246,12247,,MA-00028,CAMBRIDGE,2139,MIDDLESEX,MA,100653,65166,35487,30200,30000,200,0
727,12246,12247,,MA-00028,CAMBRIDGE,2141,MIDDLESEX,MA,94960,94960,0,85000,85000,0,0
728,12246,12247,,MA-00028,SOMERVILLE,2143,MIDDLESEX,MA,155607,118753,36854,183600,118900,36900,27800
729,12246,12247,,MA-00028,WALTHAM,2453,MIDDLESEX,MA,42751,41211,1540,0,0,0,0
730,12254,12255,,LA-00031,TALLULAH,71282,MADISON,LA,445222,388025,57197,220300,170100,50200,0
731,12262,12263,,OH-00021,JENERA,45841,HANCOCK,OH,2620,0,2620,0,0,0,0
732,12262,12263,,OH-00021,MILLBURY,43447,WOOD,OH,730456,638511,91945,341100,203700,0,137400
733,12266,12267,1931,TX-00361,BROWNSVILLE,78520,CAMERON,TX,41345,41345,0,0,0,0,0
734,12266,12267,1931,TX-00361,EDINBURG,78542,HIDALGO,TX,40672,17272,23400,14000,14000,0,0
735,12266,12267,1931,TX-00361,HARLINGEN,78550,CAMERON,TX,12826,12826,0,0,0,0,0
736,12266,12267,1931,TX-00361,HEBBRONVILLE,78361,JIM HOGG,TX,61664,59984,1680,0,0,0,0
737,12266,12267,1931,TX-00361,la feria,78559,CAMERON,TX,0,0,0,166400,0,0,166400
738,12266,12267,1931,TX-00361,LAREDO,78041,WEBB,TX,30004,8504,21500,32300,0,0,32300
739,12266,12267,1931,TX-00361,LAREDO,78043,WEBB,TX,15440,10697,4743,0,0,0,0
740,12266,12267,1931,TX-00361,LUBBOCK,79407,LUBBOCK,TX,13809,13809,0,0,0,0,0
741,12266,12267,1931,TX-00361,LUBBOCK,79413,LUBBOCK,TX,24455,24005,450,0,0,0,0
742,12266,12267,1931,TX-00361,LUBBOCK,79423,LUBBOCK,TX,276415,270415,6000,372400,270500,6000,95900
743,12266,12267,1931,TX-00361,MISSION,78572,HIDALGO,TX,1305282,1294171,11111,471900,432700,5000,34200
744,12266,12267,1931,TX-00361,MISSION,78573,HIDALGO,TX,13200,0,13200,0,0,0,0
745,12266,12267,1931,TX-00361,PORT ISABEL,78578,CAMERON,TX,20050,0,20050,0,0,0,0
746,12266,12267,1931,TX-00361,ROMA,78584,STARR,TX,61181,61181,0,0,0,0,0
747,12266,12267,1931,TX-00361,SAN BENITO,78586,CAMERON,TX,17072,17072,0,10400,10400,0,0
748,12266,12267,1931,TX-00361,SLATON,79364,LUBBOCK,TX,6000,0,6000,0,0,0,0
749,12279,12280,1930,IA-00024,ALBIA,52531,MONROE,IA,87200,87200,0,0,0,0,0
750,12279,12280,1930,IA-00024,ALGONA,50511,KOSSUTH,IA,0,0,0,312000,0,0,312000
751,12279,12280,1930,IA-00024,AMES,50010,STORY,IA,1236659,1097612,139047,348300,216300,72200,59800
752,12279,12280,1930,IA-00024,AMES,50014,STORY,IA,47435,42355,5080,14000,14000,0,0
753,12279,12280,1930,IA-00024,ANKENY,50021,POLK,IA,150991,111791,39200,0,0,0,0
754,12279,12280,1930,IA-00024,ANKENY,50023,POLK,IA,11444,11444,0,0,0,0,0
755,12279,12280,1930,IA-00024,CAMBRIDGE,50046,STORY,IA,199177,183138,16039,0,0,0,0
756,12279,12280,1930,IA-00024,CENTERVILLE,52544,APPANOOSE,IA,248069,248069,0,182000,182000,0,0
757,12279,12280,1930,IA-00024,CHEROKEE,51012,CHEROKEE,IA,125474,104304,21170,123900,77800,13900,32200
758,12279,12280,1930,IA-00024,CLARION,50525,WRIGHT,IA,54297,39332,14965,0,0,0,0
759,12279,12280,1930,IA-00024,CLARION,50533,WRIGHT,IA,17782,16182,1600,18400,16200,1600,600
760,12279,12280,1930,IA-00024,COLFAX,50054,JASPER,IA,2297411,1825259,472152,978900,661400,308000,9500
761,12279,12280,1930,IA-00024,CRESTON,50801,UNION,IA,66444,66444,0,82500,58700,0,23800
762,12279,12280,1930,IA-00024,DAYTON,50530,WEBSTER,IA,4455,0,4455,4500,0,4500,0
763,12279,12280,1930,IA-00024,DELHI,52223,DELAWARE,IA,915858,583493,332365,389700,72200,261700,55800
764,12279,12280,1930,IA-00024,DES MOINE,50316,POLK,IA,5043,5043,0,0,0,0,0
765,12279,12280,1930,IA-00024,DES MOINES,50310,POLK,IA,79499,77299,2200,43300,43300,0,0
766,12279,12280,1930,IA-00024,DES MOINES,50313,POLK,IA,90118,90118,0,90200,90200,0,0
767,12279,12280,1930,IA-00024,DES MOINES,50315,POLK,IA,3247,773,2474,0,0,0,0
768,12279,12280,1930,IA-00024,DES MOINES,50317,POLK,IA,228624,218624,10000,211800,200300,10000,1500
769,12279,12280,1930,IA-00024,DES MOINES,50320,POLK,IA,70713,45644,25069,0,0,0,0
770,12279,12280,1930,IA-00024,DUBUQUE,52001,DUBUQUE,IA,1789,0,1789,4600,0,1800,2800
771,12279,12280,1930,IA-00024,DUBUQUE,52002,DUBUQUE,IA,3074,3074,0,48100,3100,0,45000
772,12279,12280,1930,IA-00024,DUNCOMBE,50532,WEBSTER,IA,18738,18738,0,18800,18800,0,0
773,12279,12280,1930,IA-00024,DYERSVILLE,52040,DUBUQUE,IA,3570,3570,0,3600,3600,0,0
774,12279,12280,1930,IA-00024,EAGLE GROVE,50533,WRIGHT,IA,82456,75656,6800,0,0,0,0
775,12279,12280,1930,IA-00024,EDDYVILLE,52553,MONROE,IA,12124,12124,0,52100,12200,0,39900
776,12279,12280,1930,IA-00024,FORT DODGE,50501,WEBSTER,IA,19931,19931,0,15100,15100,0,0
777,12279,12280,1930,IA-00024,FORT MADISON,52627,LEE,IA,26070,26070,0,0,0,0,0
778,12279,12280,1930,IA-00024,GEORGE,51237,LYON,IA,141343,104413,36930,72100,1700,26400,44000
779,12279,12280,1930,IA-00024,GOLDFIELD,50542,WRIGHT,IA,12236,12236,0,12300,12300,0,0
780,12279,12280,1930,IA-00024,GOWRIE,50543,CALHOUN,IA,8777,8777,0,0,0,0,0
781,12279,12280,1930,IA-00024,HAMPTON,50441,FRANKLIN,IA,17442,17042,400,17500,17100,400,0
782,12279,12280,1930,IA-00024,HARTLEY,51346,OBRIEN,IA,140003,140003,0,100000,87000,0,13000
783,12279,12280,1930,IA-00024,HAWARDEN,51023,SIOUX,IA,46949,9986,36963,90000,0,37000,53000
784,12279,12280,1930,IA-00024,INDIANOLA,50125,WARREN,IA,52086,52086,0,52100,52100,0,0
785,12279,12280,1930,IA-00024,KEOKUK,52632,LEE,IA,143404,136904,6500,39100,39100,0,0
786,12279,12280,1930,IA-00024,KNOXVILLE,50138,MARION,IA,24297,24297,0,20900,20900,0,0
787,12279,12280,1930,IA-00024,LORIMOR,50149,UNION,IA,10193,10018,175,0,0,0,0
788,12279,12280,1930,IA-00024,MANCHESTER,52057,DELAWARE,IA,55685,31950,23735,56400,29400,20200,6800
789,12279,12280,1930,IA-00024,MAQUOKETA,52060,JACKSON,IA,74661,61761,12900,50000,37100,12900,0
790,12279,12280,1930,IA-00024,MAURICE,51036,SIOUX,IA,416797,328583,88214,0,0,0,0
791,12279,12280,1930,IA-00024,MONTICELLO,52310,JONES,IA,68335,68335,0,0,0,0,0
792,12279,12280,1930,IA-00024,MORAVIA,52571,APPANOOSE,IA,0,0,0,50000,0,0,50000
793,12279,12280,1930,IA-00024,MYSTIC,52574,APPANOOSE,IA,6008,0,6008,4300,0,4300,0
794,12279,12280,1930,IA-00024,NEWTON,50208,JASPER,IA,29201,29201,0,29200,29200,0,0
795,12279,12280,1930,IA-00024,OELWEIN,50662,FAYETTE,IA,101143,101143,0,3000,3000,0,0
796,12279,12280,1930,IA-00024,OSKALOOSA,52577,MAHASKA,IA,14339,14339,0,0,0,0,0
797,12279,12280,1930,IA-00024,OTTUMWA,52501,WAPELLO,IA,265452,258812,6640,49600,49600,0,0
798,12279,12280,1930,IA-00024,PANAMA,51562,SHELBY,IA,47960,47960,0,14000,14000,0,0
799,12279,12280,1930,IA-00024,PELLA,50219,MAHASKA,IA,1224,1224,0,0,0,0,0
800,12279,12280,1930,IA-00024,PLEASANT HILL,50327,POLK,IA,29674,29674,0,0,0,0,0
801,12279,12280,1930,IA-00024,SHELDON,51201,OBRIEN,IA,92855,92855,0,0,0,0,0
802,12279,12280,1930,IA-00024,STORY CITY,50248,STORY,IA,47676,47676,0,0,0,0,0
803,12279,12280,1930,IA-00024,STRATFORD,50249,HAMILTON,IA,33419,17749,15670,21800,7800,14000,0
804,12279,12280,1930,IA-00024,STRATFORD,50524,HAMILTON,IA,14930,0,14930,0,0,0,0
805,12279,12280,1930,IA-00024,Toledo,52342,TAMA,IA,0,0,0,10900,0,0,10900
806,12279,12280,1930,IA-00024,WATERLOO,50701,BLACK HAWK,IA,10866,10866,0,0,0,0,0
807,12279,12280,1930,IA-00024,WATERLOO,50702,BLACK HAWK,IA,275417,270467,4950,0,0,0,0
808,12279,12280,1930,IA-00024,WEBSTER CITY,50595,HAMILTON,IA,101164,101164,0,130200,101200,0,29000
809,12279,12280,1930,IA-00024,WEST DES MOINES,50265,POLK,IA,256060,256060,0,0,0,0,0
810,12290,12291,1935,IL-00025,ADDISON,60101,DUPAGE,IL,4000,0,4000,0,0,0,0
811,12290,12291,1935,IL-00025,BELLWOOD,60104,COOK,IL,1485946,1069069,416877,361600,215700,127500,18400
812,12290,12291,1935,IL-00025,Bellwood,60104,COOK,IL,56404,52454,3950,55700,51800,3900,0
813,12290,12291,1935,IL-00025,BELLWOOD,60104,DUPAGE,IL,23331,22031,1300,0,0,0,0
814,12290,12291,1935,IL-00025,BELLWOOOD,60104,COOK,IL,54919,54919,0,53100,53100,0,0
815,12290,12291,1935,IL-00025,BENSENVILLE,60106,DUPAGE,IL,26182,0,26182,0,0,0,0
816,12290,12291,1935,IL-00025,BERKELEY,60163,COOK,IL,34524,33424,1100,15000,15000,0,0
817,12290,12291,1935,IL-00025,BERWYN,60402,COOK,IL,171074,160374,10700,32000,30400,900,700
818,12290,12291,1935,IL-00025,BROADVIEW,60155,COOK,IL,219795,208045,11750,50600,38900,11700,0
819,12290,12291,1935,IL-00025,BROOKFIELD,60513,COOK,IL,39272,38172,1100,17800,13700,0,1300
820,12290,12291,1935,IL-00025,BURNHAM,60633,COOK,IL,9453,9053,400,0,0,0,0
821,12290,12291,1935,IL-00025,CALUMET CITY,60409,COOK,IL,132580,81166,51414,132500,43400,28300,60800
822,12290,12291,1935,IL-00025,CHIAGO,60651,COOK,IL,7238,6538,700,0,0,0,0
823,12290,12291,1935,IL-00025,CHICAG,60623,COOK,IL,2800,0,2800,0,0,0,0
824,12290,12291,1935,IL-00025,CHICAGO,60608,COOK,IL,313881,304281,9600,115200,111700,3500,0
825,12290,12291,1935,IL-00025,CHICAGO,60609,COOK,IL,474373,292528,181845,182400,132800,49600,0
826,12290,12291,1935,IL-00025,CHICAGO,60612,COOK,IL,269210,238955,30255,82000,75259,5741,1000
827,12290,12291,1935,IL-00025,CHICAGO,60613,COOK,IL,560,560,0,0,0,0,0
828,12290,12291,1935,IL-00025,CHICAGO,60614,COOK,IL,20283,18733,1550,0,0,0,0
829,12290,12291,1935,IL-00025,CHICAGO,60615,COOK,IL,95383,86023,9360,15300,12500,0,2800
830,12290,12291,1935,IL-00025,CHICAGO,60616,COOK,IL,46801,19876,26925,0,0,0,0
831,12290,12291,1935,IL-00025,CHICAGO,60617,COOK,IL,303769,280200,23569,111200,93000,3800,12900
832,12290,12291,1935,IL-00025,CHICAGO,60618,COOK,IL,160056,151166,8890,114800,100600,8900,5300
833,12290,12291,1935,IL-00025,CHICAGO,60619,COOK,IL,566971,484131,82840,213500,145500,43300,24700
834,12290,12291,1935,IL-00025,CHICAGO,60620,COOK,IL,1113755,980209,133546,370500,357200,6700,6600
835,12290,12291,1935,IL-00025,CHICAGO,60621,COOK,IL,299390,269080,30310,50600,50600,0,0
836,12290,12291,1935,IL-00025,CHICAGO,60622,COOK,IL,140095,27673,112422,21700,7700,14000,0
837,12290,12291,1935,IL-00025,CHICAGO,60623,COOK,IL,1293948,1143558,150390,690800,611600,54000,25200
838,12290,12291,1935,IL-00025,CHICAGO,60624,COOK,IL,875114,777693,97421,397700,369900,26500,1300
839,12290,12291,1935,IL-00025,CHICAGO,60627,COOK,IL,20945,19445,1500,21000,19500,1500,0
840,12290,12291,1935,IL-00025,CHICAGO,60628,COOK,IL,652550,598047,54503,258100,233600,11600,12900
841,12290,12291,1935,IL-00025,CHICAGO,60629,COOK,IL,747417,599849,147568,296300,244400,50600,1300
842,12290,12291,1935,IL-00025,CHICAGO,60631,COOK,IL,52494,37489,15005,0,0,0,0
843,12290,12291,1935,IL-00025,CHICAGO,60632,COOK,IL,364419,322837,41582,147300,126000,17800,3500
844,12290,12291,1935,IL-00025,CHICAGO,60633,COOK,IL,21025,0,21025,0,0,0,0
845,12290,12291,1935,IL-00025,CHICAGO,60634,COOK,IL,8791,81,8710,0,0,0,0
846,12290,12291,1935,IL-00025,CHICAGO,60636,COOK,IL,1165481,1053196,112285,299000,291000,8000,0
847,12290,12291,1935,IL-00025,CHICAGO,60637,COOK,IL,225558,205183,20375,111900,104600,7300,0
848,12290,12291,1935,IL-00025,CHICAGO,60638,COOK,IL,110823,94163,16660,72600,57600,13500,1500
849,12290,12291,1935,IL-00025,CHICAGO,60639,COOK,IL,659832,554140,105692,270000,246100,16400,7500
850,12290,12291,1935,IL-00025,CHICAGO,60641,COOK,IL,12450,10450,2000,0,0,0,0
851,12290,12291,1935,IL-00025,CHICAGO,60643,COOK,IL,324095,292488,31607,116600,112800,3800,0
852,12290,12291,1935,IL-00025,CHICAGO,60644,COOK,IL,1418686,1319836,98850,680000,606600,67700,5700
853,12290,12291,1935,IL-00025,CHICAGO,60647,COOK,IL,122911,112786,10125,85900,79300,5400,1200
854,12290,12291,1935,IL-00025,CHICAGO,60649,COOK,IL,468466,427325,41141,320900,278500,28700,13700
855,12290,12291,1935,IL-00025,CHICAGO,60651,COOK,IL,1861083,1653167,207916,1043400,882000,132100,29300
856,12290,12291,1935,IL-00025,CHICAGO,60652,COOK,IL,282036,152005,130031,189700,65700,101700,22300
857,12290,12291,1935,IL-00025,CHICAGO,60653,COOK,IL,176853,170668,6185,133500,99200,0,34300
858,12290,12291,1935,IL-00025,CHICAGO,60655,COOK,IL,32378,30578,1800,700,0,700,0
859,12290,12291,1935,IL-00025,CHICAGO,60707,COOK,IL,106921,83056,23865,13300,0,13300,0
860,12290,12291,1935,IL-00025,CHICAGO,60651,DUPAGE,IL,97666,94016,3650,0,0,0,0
861,12290,12291,1935,IL-00025,CHICAGO HEIGHTS,60411,COOK,IL,1830,0,1830,0,0,0,0
862,12290,12291,1935,IL-00025,CHICGO,60644,COOK,IL,8751,8751,0,0,0,0,0
863,12290,12291,1935,IL-00025,CICERO,60804,COOK,IL,930467,797593,132874,316400,303417.9799999999813735485076904296875,9582.02000000000043655745685100555419921875,3400
864,12290,12291,1935,IL-00025,COUNTRY CLUB HILLS,60478,COOK,IL,17361,17361,0,14000,14000,0,0
865,12290,12291,1935,IL-00025,CRESTWOOD,60445,COOK,IL,11280,11280,0,11300,11300,0,0
866,12290,12291,1935,IL-00025,DOLTON,60419,COOK,IL,101934,81711,20223,36100,31300,4800,0
867,12290,12291,1935,IL-00025,DOWNERS GROVE,60515,DUPAGE,IL,9398,6668,2730,0,0,0,0
868,12290,12291,1935,IL-00025,ELMHURST,60126,DUPAGE,IL,22100,17100,5000,3000,0,3000,0
869,12290,12291,1935,IL-00025,ELMWOOD PARK,60707,COOK,IL,83751,64079,19672,0,0,0,0
870,12290,12291,1935,IL-00025,EVERGREEN PARK,60805,COOK,IL,12606,8241,4365,0,0,0,0
871,12290,12291,1935,IL-00025,FOREST PARK,60130,COOK,IL,456941,402826,54115,173100,161100,12000,0
872,12290,12291,1935,IL-00025,FREEPORT,61032,STEPHENSON,IL,1425302,1166228,259074,255300,196900,44600,13800
873,12290,12291,1935,IL-00025,GALENA,61036,JO DAVIESS,IL,252195,217385,34810,226200,203200,23000,0
874,12290,12291,1935,IL-00025,GLEN ELLYN,60137,DUPAGE,IL,5788,5788,0,0,0,0,0
875,12290,12291,1935,IL-00025,GLENDALE HEIGHTS,60139,DUPAGE,IL,3156,156,3000,0,0,0,0
876,12290,12291,1935,IL-00025,GLENWOOD,60425,COOK,IL,69366,40716,28650,44400,40800,0,3600
877,12290,12291,1935,IL-00025,GRAND DETOUR,61021,OGLE,IL,41444,18994,22450,41500,19000,22500,0
878,12290,12291,1935,IL-00025,HARVEY,60426,COOK,IL,216916,189828,27088,21300,21300,0,0
879,12290,12291,1935,IL-00025,HARWOOD HEIGHTS,60706,COOK,IL,25438,23288,2150,25500,23300,2200,0
880,12290,12291,1935,IL-00025,HAZEL CREST,60429,COOK,IL,17413,17413,0,17500,17500,0,0
881,12290,12291,1935,IL-00025,HILLSIDE,60162,COOK,IL,1012323,836695,175628,23200,0,23200,0
882,12290,12291,1935,IL-00025,HINSDALE,60521,DUPAGE,IL,575043,575043,0,573000,573000,0,0
883,12290,12291,1935,IL-00025,LA GRANGE PARK,60526,COOK,IL,6255,375,5880,10600,400,5900,4300
884,12290,12291,1935,IL-00025,LANSING,60438,COOK,IL,58633,52373,6260,0,0,0,0
885,12290,12291,1935,IL-00025,LEMONT,60439,COOK,IL,42327,42327,0,0,0,0,0
886,12290,12291,1935,IL-00025,LEMONT,60439,DUPAGE,IL,11306,6906,4400,0,0,0,0
887,12290,12291,1935,IL-00025,LENA,61048,STEPHENSON,IL,6798,6798,0,0,0,0,0
888,12290,12291,1935,IL-00025,LOMBARD,60148,DUPAGE,IL,190472,132608,57864,0,0,0,0
889,12290,12291,1935,IL-00025,MATTESON,60443,COOK,IL,50956,48156,2800,0,0,0,0
890,12290,12291,1935,IL-00025,MAYWOOD,60153,COOK,IL,1175466,1010900,164566,613700,479900,81200,52600
891,12290,12291,1935,IL-00025,MELROSE PARK,60160,COOK,IL,893433,769629,123804,283300,272300,10000,1000
892,12290,12291,1935,IL-00025,OAK BROOK,60523,DUPAGE,IL,420532,337240,83292,499900,337300,83300,79300
893,12290,12291,1935,IL-00025,OAK PARK,60302,COOK,IL,35147,35147,0,0,0,0,0
894,12290,12291,1935,IL-00025,OAKBROOK TERRACE,60181,DUPAGE,IL,24850,24850,0,14000,14000,0,0
895,12290,12291,1935,IL-00025,OLYMPIA FIELDS,60461,COOK,IL,69994,63194,6800,70100,63300,6800,0
896,12290,12291,1935,IL-00025,PARK FOREST,60466,COOK,IL,8400,0,8400,8400,0,8400,0
897,12290,12291,1935,IL-00025,PEARL CITY,61062,STEPHENSON,IL,455340,343555,111785,155600,88300,40000,27300
898,12290,12291,1935,IL-00025,PHOENIX,60426,COOK,IL,2685,0,2685,0,0,0,0
899,12290,12291,1935,IL-00025,POSEN,60469,COOK,IL,17218,15118,2100,0,0,0,0
900,12290,12291,1935,IL-00025,RICHTON PARK,60471,COOK,IL,3704,0,3704,0,0,0,0
901,12290,12291,1935,IL-00025,RIVER FOREST,60305,COOK,IL,45010,41010,4000,0,0,0,0
902,12290,12291,1935,IL-00025,RIVERDALE,60624,COOK,IL,32070,29470,2600,0,0,0,0
903,12290,12291,1935,IL-00025,RIVERDALE,60827,COOK,IL,47705,47705,0,0,0,0,0
904,12290,12291,1935,IL-00025,ROCKFORD,61102,WINNEBAGO,IL,17635,17635,0,0,0,0,0
905,12290,12291,1935,IL-00025,ROCKFORD,61104,WINNEBAGO,IL,14018,9708,4310,0,0,0,0
906,12290,12291,1935,IL-00025,ROCKFORD,61114,WINNEBAGO,IL,20315,18965,1350,20400,19000,1400,0
907,12290,12291,1935,IL-00025,SAVANNA,61074,CARROLL,IL,55157,55157,0,75800,55200,0,20600
908,12290,12291,1935,IL-00025,SOUT HOLLAND,60473,COOK,IL,6262,1642,4620,0,0,0,0
909,12290,12291,1935,IL-00025,SOUTH HOLLAND,60473,COOK,IL,48511,44261,4250,28300,27200,0,1100
910,12290,12291,1935,IL-00025,STEGER,60475,COOK,IL,69136,68486,650,0,0,0,0
911,12290,12291,1935,IL-00025,STICKNEY,60402,COOK,IL,16244,14669,1575,14000,14000,0,0
912,12290,12291,1935,IL-00025,SUMMIT,60501,COOK,IL,112388,105888,6500,83700,78600,3700,1400
913,12290,12291,1935,IL-00025,SUMMIT ARGO,60501,COOK,IL,33654,28654,5000,0,0,0,0
914,12290,12291,1935,IL-00025,VILLA PARK,60181,DUPAGE,IL,66951,58349,8602,34600,34600,0,0
915,12290,12291,1935,IL-00025,WESTCHESTER,60154,COOK,IL,562085,358926,203159,488900,279800,162200,46900
916,12290,12291,1935,IL-00025,WESTMONT,60559,DUPAGE,IL,190950,185000,5950,0,0,0,0
917,12290,12291,1935,IL-00025,WHEATON,60187,DUPAGE,IL,225186,157371,67815,138600,129700,8900,0
918,12303,12304,,TN-00042,BLOOMINGTON SPRINGS,38545,PUTNAM,TN,51142,10872,40270,14000,0,14000,0
919,12303,12304,,TN-00042,COOKEVILLE,38501,PUTNAM,TN,227016,187341,39675,9800,9800,0,0
920,12303,12304,,TN-00042,COOKEVILLE,38506,PUTNAM,TN,7583,7583,0,0,0,0,0
921,12312,12313,,MO-00040,BIGELOW,64437,HOLT,MO,12887,0,12887,0,0,0,0
922,12312,12313,,MO-00040,HANNIBAL,63401,MARION,MO,495901,365734,130167,142600,86200,56400,0
923,12327,12328,1933,WI-00027,BAGLEY,53801,GRANT,WI,3900,0,3900,0,0,0,0
924,12327,12328,1933,WI-00027,BROWN DEER,53209,MILWAUKEE,WI,172704,168674,4030,172800,168700,4100,0
925,12327,12328,1933,WI-00027,GLENDALE,53209,MILWAUKEE,WI,21899,21899,0,0,0,0,0
926,12327,12328,1933,WI-00027,GREENFIELD,53220,MILWAUKEE,WI,7255,7255,0,6600,6600,0,0
927,12327,12328,1933,WI-00027,HAZEL GREEN,53811,GRANT,WI,6665,6665,0,0,0,0,0
928,12327,12328,1933,WI-00027,MILWAUKEE,53202,MILWAUKEE,WI,44671,20510,24161,27700,3500,24200,0
929,12327,12328,1933,WI-00027,MILWAUKEE,53204,MILWAUKEE,WI,30334,19389,10945,43400,14200,10700,18500
930,12327,12328,1933,WI-00027,MILWAUKEE,53205,MILWAUKEE,WI,45516,41016,4500,0,0,0,0
931,12327,12328,1933,WI-00027,MILWAUKEE,53206,MILWAUKEE,WI,845822,803821,42001,443000,411400,28300,3300
932,12327,12328,1933,WI-00027,MILWAUKEE,53208,MILWAUKEE,WI,187604,165749,21855,0,0,0,0
933,12327,12328,1933,WI-00027,MILWAUKEE,53209,MILWAUKEE,WI,1179005,1115480,63525,546600,518500,17500,10600
934,12327,12328,1933,WI-00027,MILWAUKEE,53210,MILWAUKEE,WI,333214,304566,28648,224800,191600,18100,15100
935,12327,12328,1933,WI-00027,MILWAUKEE,53211,MILWAUKEE,WI,194601,164578,30023,76200,53500,22700,0
936,12327,12328,1933,WI-00027,MILWAUKEE,53212,MILWAUKEE,WI,881982,833629,48353,658300,616100,37200,5000
937,12327,12328,1933,WI-00027,MILWAUKEE,53214,MILWAUKEE,WI,25654,25654,0,25700,25700,0,0
938,12327,12328,1933,WI-00027,MILWAUKEE,53215,MILWAUKEE,WI,11857,11857,0,0,0,0,0
939,12327,12328,1933,WI-00027,MILWAUKEE,53216,MILWAUKEE,WI,1610074,1087051,523023,418500,383700,24100,10700
940,12327,12328,1933,WI-00027,MILWAUKEE,53217,MILWAUKEE,WI,23767,2147,21620,0,0,0,0
941,12327,12328,1933,WI-00027,MILWAUKEE,53218,MILWAUKEE,WI,654209,555695,98514,337100,297200,27600,12300
942,12327,12328,1933,WI-00027,MILWAUKEE,53219,MILWAUKEE,WI,44703,44703,0,44800,44800,0,0
943,12327,12328,1933,WI-00027,MILWAUKEE,53222,MILWAUKEE,WI,320381,213022,107359,24200,16800,7400,0
944,12327,12328,1933,WI-00027,MILWAUKEE,53223,MILWAUKEE,WI,91741,71841,19900,26800,13000,13800,0
945,12327,12328,1933,WI-00027,MILWAUKEE,53224,MILWAUKEE,WI,12362,12362,0,0,0,0,0
946,12327,12328,1933,WI-00027,MILWAUKEE,53225,MILWAUKEE,WI,480298,369723,110575,330400,202600,102300,25500
947,12327,12328,1933,WI-00027,SHOREWOOD,53211,MILWAUKEE,WI,120314,111102,9212,55700,54400,1300,0
948,12327,12328,1933,WI-00027,SOUTH MILWAUKEE,53172,MILWAUKEE,WI,79100,79100,0,0,0,0,0
949,12327,12328,1933,WI-00027,WAUWATOSA,53210,MILWAUKEE,WI,25391,25391,0,0,0,0,0
950,12327,12328,1933,WI-00027,WEST ALLIS,53214,MILWAUKEE,WI,18885,18885,0,0,0,0,0
951,12327,12328,1933,WI-00027,WHITEFISH BAY,53211,MILWAUKEE,WI,10905,0,10905,11000,0,11000,0
952,12327,12328,1933,WI-00027,WHITEFISH BAY,53217,MILWAUKEE,WI,9297,9297,0,9300,9300,0,0
953,12329,12330,,CO-00033,BOULDER,80301,BOULDER,CO,3000,0,3000,0,0,0,0
954,12329,12330,,CO-00033,BOULDER,80302,BOULDER,CO,2670011,2151672,518339,1194400,789000,405400,0
955,12335,12336,,OH-00023,THE PLAINS,45780,ATHENS,OH,197695,197695,0,0,0,0,0
956,12337,12338,,TX-00364,ARANSAS PASS,78336,SAN PATRICIO,TX,29575,29275,300,0,0,0,0
957,12337,12338,,TX-00364,CORPUS CHRISTI,78405,NUECES,TX,64007,58612,5395,26900,26900,0,0
958,12337,12338,,TX-00364,CORPUS CHRISTI,78411,NUECES,TX,8044,8044,0,9600,8100,0,1500
959,12337,12338,,TX-00364,CORPUS CHRISTI,78415,NUECES,TX,21061,16461,4600,32400,14000,4600,13800
960,12337,12338,,TX-00364,CORPUS CHRISTI,78417,NUECES,TX,27749,26649,1100,0,0,0,0
961,12337,12338,,TX-00364,KINGSVILLE,78720,KLEBERG,TX,28705,28705,0,0,0,0,0
962,12337,12338,,TX-00364,ODEM,78370,SAN PATRICIO,TX,58487,58487,0,0,0,0,0
963,12337,12338,,TX-00364,ROBSTOWN,78380,NUECES,TX,23166,22966,200,10600,10400,200,0
964,12337,12338,,TX-00364,SINTON,78387,SAN PATRICIO,TX,18440,18440,0,18500,18500,0,0
965,Business Data Only,,,"","",,"","",,,,,,,
966,United States Small Business Administration (SBA)         RPT-13304      Last modified: 10/20/2014,,,"","",,"","",,,,,,,
